{
  "Enemy Manager": {
    "Average Update GameTick Time": 0.06758665650080257,
    "Min Update Game Tick time": 0.002292,
    "Amount of game ticks executed": 623,
    "metrics": {
      "Enemy Manager - Trigger Enemy Actions": 0.037222845906902044,
      "Enemy Manager - Update Enemies": 0.016993603531300184,
      "Enemy Manager - Move Enemy": 0.010764041666666673,
      "Enemy Manager - Check Spaceship Collision": 0.0073030995184590625,
      "Enemy Manager - Update Enemy Effects": 0.001591164930555551,
      "Enemy Manager - Update GameTick Total": 0.06758665650080257
    },
    "Slow game ticks (x3.5 average)": 23,
    "Max Update GameTick time": 5.618125
  },
  "Background Manager": {
    "Average Update GameTick Time": 0.023656197431781732,
    "Min Update Game Tick time": 0.001208,
    "Amount of game ticks executed": 623,
    "metrics": {
      "Background Manager - Update Objects": 0.01935906415094341,
      "Background Manager - Update GameTick Total": 0.023656197431781732
    },
    "Slow game ticks (x3.5 average)": 16,
    "Max Update GameTick time": 0.3205
  },
  "Animation Manager": {
    "Average Update GameTick Time": 0.00933288443017657,
    "Min Update Game Tick time": 8.33E-4,
    "Amount of game ticks executed": 623,
    "metrics": {
      "Animation Manager - Remove Invisible Animations": 0.002300271268057784,
      "Animation Manager - Recenter Animations": 0.0027146163723916505,
      "Animation Manager - Update GameTick Total": 0.00933288443017657
    },
    "Slow game ticks (x3.5 average)": 10,
    "Max Update GameTick time": 0.062375
  },
  "Player Manager": {
    "Average Update GameTick Time": 0.053247208667736724,
    "Min Update Game Tick time": 0.003791,
    "Amount of game ticks executed": 623,
    "metrics": {
      "Player Manager - Check Player Health": 0.004503760834670945,
      "Player Manager - Update GameTick Total": 0.053247208667736724,
      "Player Manager - Update Ship Movement": 0.014162900481540935,
      "Player Manager - Update SpaceShip": 0.022774937399678966
    },
    "Slow game ticks (x3.5 average)": 6,
    "Max Update GameTick time": 0.732167
  },
  "Director Manager": {
    "Average Update GameTick Time": 0.0012812199036918092,
    "Min Update Game Tick time": 4.1E-5,
    "Amount of game ticks executed": 623,
    "metrics": {
      "Director Manager - Update GameTick Total": 0.0012812199036918092
    },
    "Slow game ticks (x3.5 average)": 22,
    "Max Update GameTick time": 0.011875
  },
  "Level Manager": {
    "Average Update GameTick Time": 0.008267999999999998,
    "Min Update Game Tick time": 2.5E-4,
    "Amount of game ticks executed": 623,
    "metrics": {
      "Level Manager - Handle End Of Song Behaviour": 0.005073577220077212,
      "Level Manager - Update GameTick Total": 0.008267999999999998
    },
    "Slow game ticks (x3.5 average)": 9,
    "Max Update GameTick time": 0.16175
  },
  "GameBoard": {
    "Average Update GameTick Time": 0.0,
    "Min Update Game Tick time": 1.7976931348623157E308,
    "Amount of game ticks executed": 0,
    "metrics": {
      "Draw Objects": 0.7008
    },
    "Slow game ticks (x3.5 average)": 0,
    "Max Update GameTick time": 0.0
  },
  "Explosion Manager": {
    "Average Update GameTick Time": 0.0067118587479935736,
    "Min Update Game Tick time": 7.91E-4,
    "Amount of game ticks executed": 623,
    "metrics": {
      "Explosion Manager - Update Explosions": 0.003913974317817017,
      "Explosion Manager - Update GameTick Total": 0.0067118587479935736
    },
    "Slow game ticks (x3.5 average)": 12,
    "Max Update GameTick time": 0.1305
  },
  "Thorns Damage Dealer": {
    "Average Update GameTick Time": 0.0042145617977528025,
    "Min Update Game Tick time": 4.59E-4,
    "Amount of game ticks executed": 623,
    "metrics": {
      "Thorns Damage Dealer - Update GameTick Total": 0.0042145617977528025,
      "Thorns Damage Dealer - Activate Delayed Thorn Attacks": 0.0017059213483146029
    },
    "Slow game ticks (x3.5 average)": 4,
    "Max Update GameTick time": 0.060416
  },
  "Missile Manager": {
    "Average Update GameTick Time": 0.15856432744783325,
    "Min Update Game Tick time": 0.0025,
    "Amount of game ticks executed": 623,
    "metrics": {
      "Missile Manager - Update Laserbeams": 0.0013798908507223085,
      "Missile Manager - Update GameTick Total": 0.15856432744783325,
      "Missile Manager - Trigger Missile Actions": 0.0019547800963081842,
      "Missile Manager - Remove Invisible Projects": 0.0033482857142857142,
      "Missile Manager - Check Missile Collision": 0.10548702568218306,
      "Missile Manager - Move Missiles": 0.03390268218298554
    },
    "Slow game ticks (x3.5 average)": 19,
    "Max Update GameTick time": 5.549416
  },
  "Audio Manager": {
    "Average Update GameTick Time": 0.05481379133226321,
    "Min Update Game Tick time": 4.2E-5,
    "Amount of game ticks executed": 623,
    "metrics": {
      "Audio Manager - Reset Clips": 0.15880003349282312,
      "Audio Manager - Update GameTick Total": 0.05481379133226321
    },
    "Slow game ticks (x3.5 average)": 43,
    "Max Update GameTick time": 1.740375
  },
  "Friendly Manager": {
    "Average Update GameTick Time": 0.013132932584269664,
    "Min Update Game Tick time": 0.001542,
    "Amount of game ticks executed": 623,
    "metrics": {
      "Friendly Manager - Activate Friendly Objects": 8.810160513643617E-4,
      "Friendly Manager - Check Friendly Object Collision": 0.001271170144462276,
      "Friendly Manager - Update GameTick Total": 0.013132932584269664,
      "Friendly Manager - Remove Invisible Objects": 8.986693418940564E-4,
      "Friendly Manager - Spawn Finished Level Portal": 3.055457463884423E-4,
      "Friendly Manager - Move Friendly Objects": 5.555634028892424E-4
    },
    "Slow game ticks (x3.5 average)": 10,
    "Max Update GameTick time": 0.205875
  }
}