{
  "Enemy Manager": {
    "Average Update GameTick Time": 0.23171439461592366,
    "Min Update Game Tick time": 0.00125,
    "Amount of game ticks executed": 20022,
    "metrics": {
      "Enemy Manager - Trigger Enemy Actions": 0.024759184497053274,
      "Enemy Manager - Update Enemies": 0.19816421581260593,
      "Enemy Manager - Move Enemy": 0.002137001408533726,
      "Enemy Manager - Check Spaceship Collision": 0.006404941064828678,
      "Enemy Manager - Update Enemy Effects": 3.691314099888912E-4,
      "Enemy Manager - Update GameTick Total": 0.23171439461592366
    },
    "Slow game ticks (x3.5 average)": 302,
    "Max Update GameTick time": 20.985792
  },
  "Background Manager": {
    "Average Update GameTick Time": 0.01175552736989313,
    "Min Update Game Tick time": 7.92E-4,
    "Amount of game ticks executed": 20022,
    "metrics": {
      "Background Manager - Update Objects": 0.008855366637781734,
      "Background Manager - Update GameTick Total": 0.01175552736989313
    },
    "Slow game ticks (x3.5 average)": 141,
    "Max Update GameTick time": 0.868
  },
  "Animation Manager": {
    "Average Update GameTick Time": 0.005563502447307896,
    "Min Update Game Tick time": 2.91E-4,
    "Amount of game ticks executed": 20022,
    "metrics": {
      "Animation Manager - Remove Invisible Animations": 0.0011569186894416484,
      "Animation Manager - Recenter Animations": 0.0016146462391369017,
      "Animation Manager - Update GameTick Total": 0.005563502447307896
    },
    "Slow game ticks (x3.5 average)": 192,
    "Max Update GameTick time": 0.396042
  },
  "Player Manager": {
    "Average Update GameTick Time": 0.011189506492857755,
    "Min Update Game Tick time": 5.42E-4,
    "Amount of game ticks executed": 20022,
    "metrics": {
      "Player Manager - Check Player Health": 7.65492957746517E-4,
      "Player Manager - Update GameTick Total": 0.011189506492857755,
      "Player Manager - Update Ship Movement": 0.004489491958845182,
      "Player Manager - Update SpaceShip": 0.002121041204674816
    },
    "Slow game ticks (x3.5 average)": 150,
    "Max Update GameTick time": 5.729417
  },
  "Director Manager": {
    "Average Update GameTick Time": 0.015108342522974537,
    "Min Update Game Tick time": 0.0,
    "Amount of game ticks executed": 20349,
    "metrics": {
      "Director Manager - Update Difficulty Coefficient": 7.837887960811863E-4,
      "Director Manager - Update Director": 0.007210697994162239,
      "Director Manager - Update GameTick Total": 0.015108342522974537,
      "Director Manager - Distribute Credits": 5.354636061043892E-4
    },
    "Slow game ticks (x3.5 average)": 616,
    "Max Update GameTick time": 4.237709
  },
  "Level Manager": {
    "Average Update GameTick Time": 0.17753111081625614,
    "Min Update Game Tick time": 0.0,
    "Amount of game ticks executed": 20349,
    "metrics": {
      "Level Manager - Handle End Of Song Behaviour": 0.22415186121575756,
      "Level Manager - Update GameTick Total": 0.17753111081625614,
      "Level Manager - Finish Level": 0.083625,
      "Level Manager - Spawn Enemy": 0.025852883620689566
    },
    "Slow game ticks (x3.5 average)": 46,
    "Max Update GameTick time": 174.066875
  },
  "GameBoard": {
    "Average Update GameTick Time": 0.0,
    "Min Update Game Tick time": 1.7976931348623157E308,
    "Amount of game ticks executed": 0,
    "metrics": {
      "Draw Objects": 3.32972972972973
    },
    "Slow game ticks (x3.5 average)": 0,
    "Max Update GameTick time": 0.0
  },
  "Explosion Manager": {
    "Average Update GameTick Time": 0.13243567126161426,
    "Min Update Game Tick time": 1.25E-4,
    "Amount of game ticks executed": 20022,
    "metrics": {
      "Explosion Manager - Update Explosions": 0.12995124473079944,
      "Explosion Manager - Update GameTick Total": 0.13243567126161426
    },
    "Slow game ticks (x3.5 average)": 1731,
    "Max Update GameTick time": 13.48375
  },
  "Thorns Damage Dealer": {
    "Average Update GameTick Time": 0.0022309386210624125,
    "Min Update Game Tick time": 1.25E-4,
    "Amount of game ticks executed": 20349,
    "metrics": {
      "Thorns Damage Dealer - Update GameTick Total": 0.0022309386210624125,
      "Thorns Damage Dealer - Activate Delayed Thorn Attacks": 3.656115779644547E-5
    },
    "Slow game ticks (x3.5 average)": 147,
    "Max Update GameTick time": 0.250708
  },
  "Missile Manager": {
    "Average Update GameTick Time": 0.16027669343721898,
    "Min Update Game Tick time": 0.003167,
    "Amount of game ticks executed": 20022,
    "metrics": {
      "Missile Manager - Update Laserbeams": 4.7692573169513136E-4,
      "Missile Manager - Update GameTick Total": 0.16027669343721898,
      "Missile Manager - Trigger Missile Actions": 0.0032248510138845336,
      "Missile Manager - Remove Invisible Projects": 0.0015216201678154245,
      "Missile Manager - Check Missile Collision": 0.08939250958945169,
      "Missile Manager - Move Missiles": 0.05832140590350574
    },
    "Slow game ticks (x3.5 average)": 149,
    "Max Update GameTick time": 92.501334
  },
  "Audio Manager": {
    "Average Update GameTick Time": 0.11734232294475393,
    "Min Update Game Tick time": 0.0,
    "Amount of game ticks executed": 20022,
    "metrics": {
      "Audio Manager - Reset Clips": 0.34841060850681416,
      "Audio Manager - Update GameTick Total": 0.11734232294475393
    },
    "Slow game ticks (x3.5 average)": 1510,
    "Max Update GameTick time": 10.169125
  },
  "Friendly Manager": {
    "Average Update GameTick Time": 0.005437854060533315,
    "Min Update Game Tick time": 4.58E-4,
    "Amount of game ticks executed": 20022,
    "metrics": {
      "Friendly Manager - Activate Friendly Objects": 7.323029667368172E-5,
      "Friendly Manager - Check Friendly Object Collision": 3.652134152432551E-4,
      "Friendly Manager - Update GameTick Total": 0.005437854060533315,
      "Friendly Manager - Remove Invisible Objects": 5.463929677354531E-5,
      "Friendly Manager - Spawn Finished Level Portal": 8.262056737589647E-5,
      "Friendly Manager - Move Friendly Objects": 7.342113674958114E-5
    },
    "Slow game ticks (x3.5 average)": 154,
    "Max Update GameTick time": 0.487625
  }
}