{
  "Enemy Manager": {
    "Average Update GameTick Time": 0.30449288426402343,
    "Min Update Game Tick time": 0.0015,
    "Amount of game ticks executed": 16529,
    "metrics": {
      "Enemy Manager - Trigger Enemy Actions": 0.026956775909008347,
      "Enemy Manager - Update Enemies": 0.267182536632585,
      "Enemy Manager - Move Enemy": 0.0022268742972826193,
      "Enemy Manager - Check Spaceship Collision": 0.00811613376489807,
      "Enemy Manager - Update Enemy Effects": 6.17511774502347E-4,
      "Enemy Manager - Update GameTick Total": 0.30449288426402343
    },
    "Slow game ticks (x3.5 average)": 367,
    "Max Update GameTick time": 15.920917
  },
  "Background Manager": {
    "Average Update GameTick Time": 0.010125820376308318,
    "Min Update Game Tick time": 7.5E-4,
    "Amount of game ticks executed": 16529,
    "metrics": {
      "Background Manager - Update Objects": 0.00855036965376782,
      "Background Manager - Update GameTick Total": 0.010125820376308318
    },
    "Slow game ticks (x3.5 average)": 111,
    "Max Update GameTick time": 0.5555
  },
  "Animation Manager": {
    "Average Update GameTick Time": 0.004447646137092289,
    "Min Update Game Tick time": 1.66E-4,
    "Amount of game ticks executed": 16529,
    "metrics": {
      "Animation Manager - Remove Invisible Animations": 9.84231653457586E-4,
      "Animation Manager - Recenter Animations": 0.0018001164014761553,
      "Animation Manager - Update GameTick Total": 0.004447646137092289
    },
    "Slow game ticks (x3.5 average)": 161,
    "Max Update GameTick time": 0.351
  },
  "Player Manager": {
    "Average Update GameTick Time": 0.012338106842519195,
    "Min Update Game Tick time": 5.42E-4,
    "Amount of game ticks executed": 16529,
    "metrics": {
      "Player Manager - Check Player Health": 0.0011215919898361212,
      "Player Manager - Update GameTick Total": 0.012338106842519195,
      "Player Manager - Update Ship Movement": 0.002659503115735905,
      "Player Manager - Update SpaceShip": 0.004448518180168104
    },
    "Slow game ticks (x3.5 average)": 175,
    "Max Update GameTick time": 0.789791
  },
  "Director Manager": {
    "Average Update GameTick Time": 0.012443542298578207,
    "Min Update Game Tick time": 0.0,
    "Amount of game ticks executed": 16880,
    "metrics": {
      "Director Manager - Update Difficulty Coefficient": 7.142805811592105E-4,
      "Director Manager - Update Director": 0.0057675193471553934,
      "Director Manager - Update GameTick Total": 0.012443542298578207,
      "Director Manager - Distribute Credits": 4.3535830339009625E-4
    },
    "Slow game ticks (x3.5 average)": 381,
    "Max Update GameTick time": 7.923417
  },
  "Level Manager": {
    "Average Update GameTick Time": 0.17805308092417227,
    "Min Update Game Tick time": 0.0,
    "Amount of game ticks executed": 16880,
    "metrics": {
      "Level Manager - Handle End Of Song Behaviour": 0.23306727860657342,
      "Level Manager - Update GameTick Total": 0.17805308092417227,
      "Level Manager - Finish Level": 0.038416,
      "Level Manager - Spawn Enemy": 0.022396491488432937
    },
    "Slow game ticks (x3.5 average)": 98,
    "Max Update GameTick time": 170.739208
  },
  "GameBoard": {
    "Average Update GameTick Time": 0.0,
    "Min Update Game Tick time": 1.7976931348623157E308,
    "Amount of game ticks executed": 0,
    "metrics": {
      "Draw Objects": 3.1130857176707543
    },
    "Slow game ticks (x3.5 average)": 0,
    "Max Update GameTick time": 0.0
  },
  "Explosion Manager": {
    "Average Update GameTick Time": 0.020124004658478953,
    "Min Update Game Tick time": 8.3E-5,
    "Amount of game ticks executed": 16529,
    "metrics": {
      "Explosion Manager - Update Explosions": 0.015831744025651854,
      "Explosion Manager - Update GameTick Total": 0.020124004658478953
    },
    "Slow game ticks (x3.5 average)": 878,
    "Max Update GameTick time": 9.878792
  },
  "Thorns Damage Dealer": {
    "Average Update GameTick Time": 0.002425941469194203,
    "Min Update Game Tick time": 1.25E-4,
    "Amount of game ticks executed": 16880,
    "metrics": {
      "Thorns Damage Dealer - Update GameTick Total": 0.002425941469194203,
      "Thorns Damage Dealer - Activate Delayed Thorn Attacks": 2.855331753554286E-5
    },
    "Slow game ticks (x3.5 average)": 127,
    "Max Update GameTick time": 0.517167
  },
  "Missile Manager": {
    "Average Update GameTick Time": 0.26264361243874323,
    "Min Update Game Tick time": 0.007167,
    "Amount of game ticks executed": 16529,
    "metrics": {
      "Missile Manager - Update Laserbeams": 1.6667257547342494E-4,
      "Missile Manager - Update GameTick Total": 0.26264361243874323,
      "Missile Manager - Trigger Missile Actions": 0.005995936777784445,
      "Missile Manager - Remove Invisible Projects": 9.063311150100024E-4,
      "Missile Manager - Check Missile Collision": 0.2005171621392703,
      "Missile Manager - Move Missiles": 0.05022971311029103
    },
    "Slow game ticks (x3.5 average)": 308,
    "Max Update GameTick time": 25.388834
  },
  "Audio Manager": {
    "Average Update GameTick Time": 0.049296476677357814,
    "Min Update Game Tick time": 0.0,
    "Amount of game ticks executed": 16529,
    "metrics": {
      "Audio Manager - Reset Clips": 0.14501283656811192,
      "Audio Manager - Update GameTick Total": 0.049296476677357814
    },
    "Slow game ticks (x3.5 average)": 928,
    "Max Update GameTick time": 2.719583
  },
  "Friendly Manager": {
    "Average Update GameTick Time": 0.11068594524774647,
    "Min Update Game Tick time": 0.003125,
    "Amount of game ticks executed": 16529,
    "metrics": {
      "Friendly Manager - Activate Friendly Objects": 0.002067684675419071,
      "Friendly Manager - Check Friendly Object Collision": 0.006143830358763265,
      "Friendly Manager - Update GameTick Total": 0.11068594524774647,
      "Friendly Manager - Remove Invisible Objects": 8.925095287071842E-5,
      "Friendly Manager - Spawn Finished Level Portal": 7.691487688305388E-5,
      "Friendly Manager - Move Friendly Objects": 0.09737467741545186
    },
    "Slow game ticks (x3.5 average)": 260,
    "Max Update GameTick time": 8.734333
  }
}