{
  "Enemy Manager": {
    "Average Update GameTick Time": 0.2813756469612939,
    "Min Update Game Tick time": 0.001666,
    "Amount of game ticks executed": 17491,
    "metrics": {
      "Enemy Manager - Trigger Enemy Actions": 0.02826467829169289,
      "Enemy Manager - Update Enemies": 0.24004726362129003,
      "Enemy Manager - Move Enemy": 0.002711192758299042,
      "Enemy Manager - Check Spaceship Collision": 0.008498415070607647,
      "Enemy Manager - Update Enemy Effects": 1.0634240861290036E-4,
      "Enemy Manager - Update GameTick Total": 0.2813756469612939
    },
    "Slow game ticks (x3.5 average)": 374,
    "Max Update GameTick time": 10.361375
  },
  "Background Manager": {
    "Average Update GameTick Time": 0.012996623978045949,
    "Min Update Game Tick time": 9.16E-4,
    "Amount of game ticks executed": 17491,
    "metrics": {
      "Background Manager - Update Objects": 0.01126160378024188,
      "Background Manager - Update GameTick Total": 0.012996623978045949
    },
    "Slow game ticks (x3.5 average)": 158,
    "Max Update GameTick time": 0.97875
  },
  "Animation Manager": {
    "Average Update GameTick Time": 0.00840862163398317,
    "Min Update Game Tick time": 2.92E-4,
    "Amount of game ticks executed": 17491,
    "metrics": {
      "Animation Manager - Remove Invisible Animations": 0.001612112743696702,
      "Animation Manager - Recenter Animations": 0.0026888843405178803,
      "Animation Manager - Update GameTick Total": 0.00840862163398317
    },
    "Slow game ticks (x3.5 average)": 147,
    "Max Update GameTick time": 1.322041
  },
  "Player Manager": {
    "Average Update GameTick Time": 0.017874236064261546,
    "Min Update Game Tick time": 5.0E-4,
    "Amount of game ticks executed": 17491,
    "metrics": {
      "Player Manager - Check Player Health": 8.828640443657209E-4,
      "Player Manager - Update GameTick Total": 0.017874236064261546,
      "Player Manager - Update Ship Movement": 0.006776850323023169,
      "Player Manager - Update SpaceShip": 0.004180215253558795
    },
    "Slow game ticks (x3.5 average)": 147,
    "Max Update GameTick time": 0.856208
  },
  "Director Manager": {
    "Average Update GameTick Time": 0.027907377336916953,
    "Min Update Game Tick time": 0.0,
    "Amount of game ticks executed": 17491,
    "metrics": {
      "Director Manager - Update Difficulty Coefficient": 0.0011486171875000112,
      "Director Manager - Update Director": 0.013423180230127651,
      "Director Manager - Update GameTick Total": 0.027907377336916953,
      "Director Manager - Distribute Credits": 0.0010507995256696654
    },
    "Slow game ticks (x3.5 average)": 295,
    "Max Update GameTick time": 50.6465
  },
  "Level Manager": {
    "Average Update GameTick Time": 0.18709322297181535,
    "Min Update Game Tick time": 0.0,
    "Amount of game ticks executed": 17491,
    "metrics": {
      "Level Manager - Handle End Of Song Behaviour": 0.22489312575852774,
      "Level Manager - Update GameTick Total": 0.18709322297181535,
      "Level Manager - Finish Level": 0.081917,
      "Level Manager - Spawn Enemy": 0.07487334379457913
    },
    "Slow game ticks (x3.5 average)": 34,
    "Max Update GameTick time": 168.777792
  },
  "GameBoard": {
    "Average Update GameTick Time": 0.0,
    "Min Update Game Tick time": 1.7976931348623157E308,
    "Amount of game ticks executed": 0,
    "metrics": {
      "Draw Objects": 3.3374113880631144
    },
    "Slow game ticks (x3.5 average)": 0,
    "Max Update GameTick time": 0.0
  },
  "Explosion Manager": {
    "Average Update GameTick Time": 0.003233982848321903,
    "Min Update Game Tick time": 8.3E-5,
    "Amount of game ticks executed": 17491,
    "metrics": {
      "Explosion Manager - Update Explosions": 0.001386220570579443,
      "Explosion Manager - Update GameTick Total": 0.003233982848321903
    },
    "Slow game ticks (x3.5 average)": 117,
    "Max Update GameTick time": 0.284916
  },
  "Thorns Damage Dealer": {
    "Average Update GameTick Time": 0.0031163216511347685,
    "Min Update Game Tick time": 1.25E-4,
    "Amount of game ticks executed": 17491,
    "metrics": {
      "Thorns Damage Dealer - Update GameTick Total": 0.0031163216511347685,
      "Thorns Damage Dealer - Activate Delayed Thorn Attacks": 7.830359041793619E-4
    },
    "Slow game ticks (x3.5 average)": 155,
    "Max Update GameTick time": 0.2205
  },
  "Missile Manager": {
    "Average Update GameTick Time": 0.15480535738379725,
    "Min Update Game Tick time": 0.002458,
    "Amount of game ticks executed": 17491,
    "metrics": {
      "Missile Manager - Update Laserbeams": 0.001032459379109316,
      "Missile Manager - Update GameTick Total": 0.15480535738379725,
      "Missile Manager - Trigger Missile Actions": 0.0016754358813105533,
      "Missile Manager - Remove Invisible Projects": 0.001960561774626823,
      "Missile Manager - Check Missile Collision": 0.08180491075410219,
      "Missile Manager - Move Missiles": 0.06151245028872007
    },
    "Slow game ticks (x3.5 average)": 260,
    "Max Update GameTick time": 39.4555
  },
  "Audio Manager": {
    "Average Update GameTick Time": 0.10283176599394027,
    "Min Update Game Tick time": 0.0,
    "Amount of game ticks executed": 17491,
    "metrics": {
      "Audio Manager - Reset Clips": 0.3035384200960223,
      "Audio Manager - Update GameTick Total": 0.10283176599394027
    },
    "Slow game ticks (x3.5 average)": 1175,
    "Max Update GameTick time": 3.208875
  },
  "Friendly Manager": {
    "Average Update GameTick Time": 0.0120741489909096,
    "Min Update Game Tick time": 5.0E-4,
    "Amount of game ticks executed": 17491,
    "metrics": {
      "Friendly Manager - Activate Friendly Objects": 9.205702361214899E-4,
      "Friendly Manager - Check Friendly Object Collision": 0.0015969668972614767,
      "Friendly Manager - Update GameTick Total": 0.0120741489909096,
      "Friendly Manager - Remove Invisible Objects": 6.3215945343325E-4,
      "Friendly Manager - Spawn Finished Level Portal": 6.040177805729063E-4,
      "Friendly Manager - Move Friendly Objects": 7.644263907152742E-4
    },
    "Slow game ticks (x3.5 average)": 191,
    "Max Update GameTick time": 3.499041
  }
}