{
  "Enemy Manager": {
    "Average Update GameTick Time": 0.10830495134818294,
    "Min Update Game Tick time": 0.00275,
    "Amount of game ticks executed": 1706,
    "metrics": {
      "Enemy Manager - Trigger Enemy Actions": 0.04963595193434939,
      "Enemy Manager - Update Enemies": 0.02669936518171156,
      "Enemy Manager - Move Enemy": 0.011813845545976994,
      "Enemy Manager - Check Spaceship Collision": 0.026958307151230886,
      "Enemy Manager - Update Enemy Effects": 7.335775862069078E-4,
      "Enemy Manager - Update GameTick Total": 0.10830495134818294
    },
    "Slow game ticks (x3.5 average)": 81,
    "Max Update GameTick time": 14.309791
  },
  "Background Manager": {
    "Average Update GameTick Time": 0.014002945486518191,
    "Min Update Game Tick time": 0.001167,
    "Amount of game ticks executed": 1706,
    "metrics": {
      "Background Manager - Update Objects": 0.012715060485651256,
      "Background Manager - Update GameTick Total": 0.014002945486518191
    },
    "Slow game ticks (x3.5 average)": 39,
    "Max Update GameTick time": 0.174625
  },
  "Animation Manager": {
    "Average Update GameTick Time": 0.012351929660023448,
    "Min Update Game Tick time": 0.00125,
    "Amount of game ticks executed": 1706,
    "metrics": {
      "Animation Manager - Remove Invisible Animations": 0.00312554982415005,
      "Animation Manager - Recenter Animations": 0.004695672919109031,
      "Animation Manager - Update GameTick Total": 0.012351929660023448
    },
    "Slow game ticks (x3.5 average)": 27,
    "Max Update GameTick time": 0.071125
  },
  "Player Manager": {
    "Average Update GameTick Time": 0.06251097362250868,
    "Min Update Game Tick time": 0.001958,
    "Amount of game ticks executed": 1706,
    "metrics": {
      "Player Manager - Check Player Health": 0.0029120955451348205,
      "Player Manager - Update GameTick Total": 0.06251097362250868,
      "Player Manager - Update Ship Movement": 0.011928258499413851,
      "Player Manager - Update SpaceShip": 0.03824721981242678
    },
    "Slow game ticks (x3.5 average)": 5,
    "Max Update GameTick time": 14.587417
  },
  "Director Manager": {
    "Average Update GameTick Time": 0.0012855093786635387,
    "Min Update Game Tick time": 0.0,
    "Amount of game ticks executed": 1706,
    "metrics": {
      "Director Manager - Update GameTick Total": 0.0012855093786635387
    },
    "Slow game ticks (x3.5 average)": 56,
    "Max Update GameTick time": 0.027208
  },
  "Level Manager": {
    "Average Update GameTick Time": 0.006479876905041058,
    "Min Update Game Tick time": 4.1E-5,
    "Amount of game ticks executed": 1706,
    "metrics": {
      "Level Manager - Handle End Of Song Behaviour": 0.0033267245471580243,
      "Level Manager - Update GameTick Total": 0.006479876905041058
    },
    "Slow game ticks (x3.5 average)": 17,
    "Max Update GameTick time": 0.148542
  },
  "GameBoard": {
    "Average Update GameTick Time": 0.0,
    "Min Update Game Tick time": 1.7976931348623157E308,
    "Amount of game ticks executed": 0,
    "metrics": {
      "Draw Objects": 1.2704918032786885
    },
    "Slow game ticks (x3.5 average)": 0,
    "Max Update GameTick time": 0.0
  },
  "Explosion Manager": {
    "Average Update GameTick Time": 0.006526902696365777,
    "Min Update Game Tick time": 9.16E-4,
    "Amount of game ticks executed": 1706,
    "metrics": {
      "Explosion Manager - Update Explosions": 0.0036114126611957774,
      "Explosion Manager - Update GameTick Total": 0.006526902696365777
    },
    "Slow game ticks (x3.5 average)": 19,
    "Max Update GameTick time": 0.083125
  },
  "Thorns Damage Dealer": {
    "Average Update GameTick Time": 0.004287904454865189,
    "Min Update Game Tick time": 4.17E-4,
    "Amount of game ticks executed": 1706,
    "metrics": {
      "Thorns Damage Dealer - Update GameTick Total": 0.004287904454865189,
      "Thorns Damage Dealer - Activate Delayed Thorn Attacks": 0.001958295427901519
    },
    "Slow game ticks (x3.5 average)": 26,
    "Max Update GameTick time": 0.177083
  },
  "Missile Manager": {
    "Average Update GameTick Time": 0.19486369988276633,
    "Min Update Game Tick time": 0.004792,
    "Amount of game ticks executed": 1706,
    "metrics": {
      "Missile Manager - Update Laserbeams": 0.009139644196951933,
      "Missile Manager - Update GameTick Total": 0.19486369988276633,
      "Missile Manager - Trigger Missile Actions": 0.0025728575615474804,
      "Missile Manager - Remove Invisible Projects": 0.004936009964830016,
      "Missile Manager - Check Missile Collision": 0.14452517819460717,
      "Missile Manager - Move Missiles": 0.024156182883939035
    },
    "Slow game ticks (x3.5 average)": 153,
    "Max Update GameTick time": 4.996583
  },
  "Audio Manager": {
    "Average Update GameTick Time": 0.053993609613130114,
    "Min Update Game Tick time": 4.1E-5,
    "Amount of game ticks executed": 1706,
    "metrics": {
      "Audio Manager - Reset Clips": 0.15690783859649118,
      "Audio Manager - Update GameTick Total": 0.053993609613130114
    },
    "Slow game ticks (x3.5 average)": 152,
    "Max Update GameTick time": 1.708292
  },
  "Friendly Manager": {
    "Average Update GameTick Time": 0.15296632942555702,
    "Min Update Game Tick time": 0.006542,
    "Amount of game ticks executed": 1706,
    "metrics": {
      "Friendly Manager - Activate Friendly Objects": 0.09084776025791315,
      "Friendly Manager - Check Friendly Object Collision": 0.011768956623681062,
      "Friendly Manager - Update GameTick Total": 0.15296632942555702,
      "Friendly Manager - Remove Invisible Objects": 0.0019501658851113655,
      "Friendly Manager - Spawn Finished Level Portal": 7.450404454865169E-4,
      "Friendly Manager - Move Friendly Objects": 0.03902717760844071
    },
    "Slow game ticks (x3.5 average)": 117,
    "Max Update GameTick time": 2.901833
  }
}