{
  "Enemy Manager": {
    "Average Update GameTick Time": 0.22123097675783543,
    "Min Update Game Tick time": 0.001891,
    "Amount of game ticks executed": 17038,
    "metrics": {
      "Enemy Manager - Trigger Enemy Actions": 0.014816895410259462,
      "Enemy Manager - Update Enemies": 0.193216814356145,
      "Enemy Manager - Move Enemy": 0.002320593875526811,
      "Enemy Manager - Check Spaceship Collision": 0.010257302911139837,
      "Enemy Manager - Update Enemy Effects": 0.0014177067855199409,
      "Enemy Manager - Update GameTick Total": 0.22123097675783543
    },
    "Slow game ticks (x3.5 average)": 462,
    "Max Update GameTick time": 8.218934
  },
  "Background Manager": {
    "Average Update GameTick Time": 0.012025828911844056,
    "Min Update Game Tick time": 0.004826,
    "Amount of game ticks executed": 17038,
    "metrics": {
      "Background Manager - Update Objects": 0.009463511953219077,
      "Background Manager - Update GameTick Total": 0.012025828911844056
    },
    "Slow game ticks (x3.5 average)": 218,
    "Max Update GameTick time": 0.181639
  },
  "Animation Manager": {
    "Average Update GameTick Time": 0.0045734725906796305,
    "Min Update Game Tick time": 0.00117,
    "Amount of game ticks executed": 17038,
    "metrics": {
      "Animation Manager - Remove Invisible Animations": 0.001143547540791169,
      "Animation Manager - Recenter Animations": 0.0011829243455804676,
      "Animation Manager - Update GameTick Total": 0.0045734725906796305
    },
    "Slow game ticks (x3.5 average)": 184,
    "Max Update GameTick time": 0.111634
  },
  "Player Manager": {
    "Average Update GameTick Time": 0.013796938196971328,
    "Min Update Game Tick time": 0.004973,
    "Amount of game ticks executed": 17038,
    "metrics": {
      "Player Manager - Check Player Health": 9.7903316116915E-4,
      "Player Manager - Update GameTick Total": 0.013796938196971328,
      "Player Manager - Update Ship Movement": 0.002625875278788596,
      "Player Manager - Update SpaceShip": 0.004932765230660904
    },
    "Slow game ticks (x3.5 average)": 156,
    "Max Update GameTick time": 10.653766
  },
  "Director Manager": {
    "Average Update GameTick Time": 0.016636602946355165,
    "Min Update Game Tick time": 6.43E-4,
    "Amount of game ticks executed": 17038,
    "metrics": {
      "Director Manager - Update Difficulty Coefficient": 0.0013118412188768442,
      "Director Manager - Update Director": 0.005425158668448508,
      "Director Manager - Update GameTick Total": 0.016636602946355165,
      "Director Manager - Distribute Credits": 9.49588962258432E-4
    },
    "Slow game ticks (x3.5 average)": 692,
    "Max Update GameTick time": 3.049779
  },
  "Level Manager": {
    "Average Update GameTick Time": 0.35695567865946914,
    "Min Update Game Tick time": 5.69E-4,
    "Amount of game ticks executed": 17038,
    "metrics": {
      "Level Manager - Handle End Of Song Behaviour": 0.36639716918777593,
      "Level Manager - Update GameTick Total": 0.35695567865946914,
      "Level Manager - Finish Level": 0.036777,
      "Level Manager - Spawn Enemy": 0.06278719687500006
    },
    "Slow game ticks (x3.5 average)": 40,
    "Max Update GameTick time": 246.911425
  },
  "GameBoard": {
    "Average Update GameTick Time": 0.0,
    "Min Update Game Tick time": 1.7976931348623157E308,
    "Amount of game ticks executed": 0,
    "metrics": {
      "Draw Objects": 2.2726532984597503
    },
    "Slow game ticks (x3.5 average)": 0,
    "Max Update GameTick time": 0.0
  },
  "Explosion Manager": {
    "Average Update GameTick Time": 0.002440977814297464,
    "Min Update Game Tick time": 7.62E-4,
    "Amount of game ticks executed": 17038,
    "metrics": {
      "Explosion Manager - Update Explosions": 3.3444559220565604E-4,
      "Explosion Manager - Update GameTick Total": 0.002440977814297464
    },
    "Slow game ticks (x3.5 average)": 109,
    "Max Update GameTick time": 0.094323
  },
  "Thorns Damage Dealer": {
    "Average Update GameTick Time": 0.002098966134522817,
    "Min Update Game Tick time": 6.29E-4,
    "Amount of game ticks executed": 17038,
    "metrics": {
      "Thorns Damage Dealer - Update GameTick Total": 0.002098966134522817,
      "Thorns Damage Dealer - Activate Delayed Thorn Attacks": 1.4310142035449952E-4
    },
    "Slow game ticks (x3.5 average)": 102,
    "Max Update GameTick time": 0.092813
  },
  "Missile Manager": {
    "Average Update GameTick Time": 0.14664928324920745,
    "Min Update Game Tick time": 0.006151,
    "Amount of game ticks executed": 17038,
    "metrics": {
      "Missile Manager - Update Laserbeams": 3.097249677192174E-4,
      "Missile Manager - Update GameTick Total": 0.14664928324920745,
      "Missile Manager - Trigger Missile Actions": 0.003970040908557326,
      "Missile Manager - Remove Invisible Projects": 9.525102124662473E-4,
      "Missile Manager - Check Missile Collision": 0.11640558598427053,
      "Missile Manager - Move Missiles": 0.020174712818405924
    },
    "Slow game ticks (x3.5 average)": 762,
    "Max Update GameTick time": 4.243911
  },
  "Audio Manager": {
    "Average Update GameTick Time": 0.12925178477520857,
    "Min Update Game Tick time": 3.32E-4,
    "Amount of game ticks executed": 17038,
    "metrics": {
      "Audio Manager - Reset Clips": 0.382955310332689,
      "Audio Manager - Update GameTick Total": 0.12925178477520857
    },
    "Slow game ticks (x3.5 average)": 1112,
    "Max Update GameTick time": 16.198082
  },
  "Friendly Manager": {
    "Average Update GameTick Time": 0.0058644626716751035,
    "Min Update Game Tick time": 0.002237,
    "Amount of game ticks executed": 17038,
    "metrics": {
      "Friendly Manager - Activate Friendly Objects": 2.59729252259655E-4,
      "Friendly Manager - Check Friendly Object Collision": 2.446436788355469E-4,
      "Friendly Manager - Update GameTick Total": 0.0058644626716751035,
      "Friendly Manager - Remove Invisible Objects": 9.266222561333098E-5,
      "Friendly Manager - Spawn Finished Level Portal": 9.657336541847266E-5,
      "Friendly Manager - Move Friendly Objects": 9.290086864655125E-5
    },
    "Slow game ticks (x3.5 average)": 196,
    "Max Update GameTick time": 0.118315
  }
}