{
  "Enemy Manager": {
    "Average Update GameTick Time": 0.41391977835937355,
    "Min Update Game Tick time": 0.004408,
    "Amount of game ticks executed": 12800,
    "metrics": {
      "Enemy Manager - Trigger Enemy Actions": 0.0244244625781249,
      "Enemy Manager - Update Enemies": 0.37084707851562515,
      "Enemy Manager - Move Enemy": 0.0032600397595964783,
      "Enemy Manager - Check Spaceship Collision": 0.013292208359375002,
      "Enemy Manager - Update Enemy Effects": 0.0016447671604899112,
      "Enemy Manager - Update GameTick Total": 0.41391977835937355
    },
    "Slow game ticks (x3.5 average)": 660,
    "Max Update GameTick time": 243.09911
  },
  "Background Manager": {
    "Average Update GameTick Time": 0.015398862343749977,
    "Min Update Game Tick time": 0.003685,
    "Amount of game ticks executed": 12800,
    "metrics": {
      "Background Manager - Update Objects": 0.013477189776119319,
      "Background Manager - Update GameTick Total": 0.015398862343749977
    },
    "Slow game ticks (x3.5 average)": 51,
    "Max Update GameTick time": 60.587511
  },
  "Animation Manager": {
    "Average Update GameTick Time": 0.006757041093749987,
    "Min Update Game Tick time": 0.001472,
    "Amount of game ticks executed": 12800,
    "metrics": {
      "Animation Manager - Remove Invisible Animations": 0.001412686406250002,
      "Animation Manager - Recenter Animations": 0.0017236350781249976,
      "Animation Manager - Update GameTick Total": 0.006757041093749987
    },
    "Slow game ticks (x3.5 average)": 130,
    "Max Update GameTick time": 0.179839
  },
  "Player Manager": {
    "Average Update GameTick Time": 0.022095216015625016,
    "Min Update Game Tick time": 0.004594,
    "Amount of game ticks executed": 12800,
    "metrics": {
      "Player Manager - Check Player Health": 0.001379480390625001,
      "Player Manager - Update GameTick Total": 0.022095216015625016,
      "Player Manager - Update Ship Movement": 0.006570162265625038,
      "Player Manager - Update SpaceShip": 0.007058317265624998
    },
    "Slow game ticks (x3.5 average)": 40,
    "Max Update GameTick time": 1.575586
  },
  "Director Manager": {
    "Average Update GameTick Time": 0.035952197421875075,
    "Min Update Game Tick time": 3.01E-4,
    "Amount of game ticks executed": 12800,
    "metrics": {
      "Director Manager - Update Difficulty Coefficient": 0.0016302478503184754,
      "Director Manager - Update Director": 0.014611538865670357,
      "Director Manager - Update GameTick Total": 0.035952197421875075,
      "Director Manager - Distribute Credits": 0.0011281467356687928
    },
    "Slow game ticks (x3.5 average)": 192,
    "Max Update GameTick time": 135.328069
  },
  "Level Manager": {
    "Average Update GameTick Time": 0.3105877011718743,
    "Min Update Game Tick time": 4.63E-4,
    "Amount of game ticks executed": 12800,
    "metrics": {
      "Level Manager - Handle End Of Song Behaviour": 0.31350978839264293,
      "Level Manager - Update GameTick Total": 0.3105877011718743,
      "Level Manager - Finish Level": 0.18918,
      "Level Manager - Spawn Enemy": 0.31348617847025484
    },
    "Slow game ticks (x3.5 average)": 38,
    "Max Update GameTick time": 226.034121
  },
  "GameBoard": {
    "Average Update GameTick Time": 0.0,
    "Min Update Game Tick time": 1.7976931348623157E308,
    "Amount of game ticks executed": 0,
    "metrics": {
      "Draw Objects": 2.5707517862690277
    },
    "Slow game ticks (x3.5 average)": 0,
    "Max Update GameTick time": 0.0
  },
  "Explosion Manager": {
    "Average Update GameTick Time": 0.003557291875000001,
    "Min Update Game Tick time": 9.19E-4,
    "Amount of game ticks executed": 12800,
    "metrics": {
      "Explosion Manager - Update Explosions": 0.0013877039062500098,
      "Explosion Manager - Update GameTick Total": 0.003557291875000001
    },
    "Slow game ticks (x3.5 average)": 82,
    "Max Update GameTick time": 0.324613
  },
  "Thorns Damage Dealer": {
    "Average Update GameTick Time": 0.0037596924999999874,
    "Min Update Game Tick time": 8.95E-4,
    "Amount of game ticks executed": 12800,
    "metrics": {
      "Thorns Damage Dealer - Update GameTick Total": 0.0037596924999999874,
      "Thorns Damage Dealer - Activate Delayed Thorn Attacks": 0.0011498143749999964
    },
    "Slow game ticks (x3.5 average)": 332,
    "Max Update GameTick time": 0.218855
  },
  "Missile Manager": {
    "Average Update GameTick Time": 0.15218506749999966,
    "Min Update Game Tick time": 0.006253,
    "Amount of game ticks executed": 12800,
    "metrics": {
      "Missile Manager - Update Laserbeams": 9.113191406249993E-4,
      "Missile Manager - Update GameTick Total": 0.15218506749999966,
      "Missile Manager - Trigger Missile Actions": 0.007058015937499978,
      "Missile Manager - Remove Invisible Projects": 0.0017832070312500086,
      "Missile Manager - Check Missile Collision": 0.11770628140624986,
      "Missile Manager - Move Missiles": 0.016971128671874967
    },
    "Slow game ticks (x3.5 average)": 388,
    "Max Update GameTick time": 25.70792
  },
  "Audio Manager": {
    "Average Update GameTick Time": 0.08657110078125031,
    "Min Update Game Tick time": 2.87E-4,
    "Amount of game ticks executed": 12800,
    "metrics": {
      "Audio Manager - Reset Clips": 0.2564768004216441,
      "Audio Manager - Update GameTick Total": 0.08657110078125031
    },
    "Slow game ticks (x3.5 average)": 956,
    "Max Update GameTick time": 22.405013
  },
  "Friendly Manager": {
    "Average Update GameTick Time": 0.012152131640624985,
    "Min Update Game Tick time": 0.002658,
    "Amount of game ticks executed": 12800,
    "metrics": {
      "Friendly Manager - Activate Friendly Objects": 0.0011143364843750065,
      "Friendly Manager - Check Friendly Object Collision": 0.0012154139062499892,
      "Friendly Manager - Update GameTick Total": 0.012152131640624985,
      "Friendly Manager - Remove Invisible Objects": 6.670669531250003E-4,
      "Friendly Manager - Spawn Finished Level Portal": 6.060024218749972E-4,
      "Friendly Manager - Move Friendly Objects": 6.69895859374994E-4
    },
    "Slow game ticks (x3.5 average)": 129,
    "Max Update GameTick time": 0.788905
  }
}