{
  "Enemy Manager": {
    "Average Update GameTick Time": 0.12947060718171932,
    "Min Update Game Tick time": 0.001541,
    "Amount of game ticks executed": 919,
    "metrics": {
      "Enemy Manager - Trigger Enemy Actions": 0.032119852013057684,
      "Enemy Manager - Update Enemies": 0.01329125462459196,
      "Enemy Manager - Move Enemy": 0.005589916496945002,
      "Enemy Manager - Check Spaceship Collision": 0.07927800217627856,
      "Enemy Manager - Update Enemy Effects": 0.0013537454175152756,
      "Enemy Manager - Update GameTick Total": 0.12947060718171932
    },
    "Slow game ticks (x3.5 average)": 128,
    "Max Update GameTick time": 19.202583
  },
  "Background Manager": {
    "Average Update GameTick Time": 0.016159252448313396,
    "Min Update Game Tick time": 0.001375,
    "Amount of game ticks executed": 919,
    "metrics": {
      "Background Manager - Update Objects": 0.011828015693112481,
      "Background Manager - Update GameTick Total": 0.016159252448313396
    },
    "Slow game ticks (x3.5 average)": 10,
    "Max Update GameTick time": 0.408042
  },
  "Animation Manager": {
    "Average Update GameTick Time": 0.016731291621327554,
    "Min Update Game Tick time": 9.17E-4,
    "Amount of game ticks executed": 919,
    "metrics": {
      "Animation Manager - Remove Invisible Animations": 0.003907951033732316,
      "Animation Manager - Recenter Animations": 0.0074628454842219855,
      "Animation Manager - Update GameTick Total": 0.016731291621327554
    },
    "Slow game ticks (x3.5 average)": 33,
    "Max Update GameTick time": 0.128833
  },
  "Player Manager": {
    "Average Update GameTick Time": 0.04559973231773665,
    "Min Update Game Tick time": 0.002917,
    "Amount of game ticks executed": 919,
    "metrics": {
      "Player Manager - Check Player Health": 0.0021683438520130544,
      "Player Manager - Update GameTick Total": 0.04559973231773665,
      "Player Manager - Update Ship Movement": 0.007952302502720344,
      "Player Manager - Update SpaceShip": 0.025778825897714883
    },
    "Slow game ticks (x3.5 average)": 29,
    "Max Update GameTick time": 1.231833
  },
  "Director Manager": {
    "Average Update GameTick Time": 0.0013063101196953198,
    "Min Update Game Tick time": 0.0,
    "Amount of game ticks executed": 919,
    "metrics": {
      "Director Manager - Update GameTick Total": 0.0013063101196953198
    },
    "Slow game ticks (x3.5 average)": 26,
    "Max Update GameTick time": 0.013583
  },
  "Level Manager": {
    "Average Update GameTick Time": 0.0047420696409140395,
    "Min Update Game Tick time": 4.2E-5,
    "Amount of game ticks executed": 919,
    "metrics": {
      "Level Manager - Handle End Of Song Behaviour": 0.0020283058968058915,
      "Level Manager - Update GameTick Total": 0.0047420696409140395
    },
    "Slow game ticks (x3.5 average)": 27,
    "Max Update GameTick time": 0.022417
  },
  "GameBoard": {
    "Average Update GameTick Time": 0.0,
    "Min Update Game Tick time": 1.7976931348623157E308,
    "Amount of game ticks executed": 0,
    "metrics": {
      "Draw Objects": 1.5311909262759924
    },
    "Slow game ticks (x3.5 average)": 0,
    "Max Update GameTick time": 0.0
  },
  "Explosion Manager": {
    "Average Update GameTick Time": 0.006216857453754077,
    "Min Update Game Tick time": 5.0E-4,
    "Amount of game ticks executed": 919,
    "metrics": {
      "Explosion Manager - Update Explosions": 0.0035390914036996634,
      "Explosion Manager - Update GameTick Total": 0.006216857453754077
    },
    "Slow game ticks (x3.5 average)": 24,
    "Max Update GameTick time": 0.104
  },
  "Thorns Damage Dealer": {
    "Average Update GameTick Time": 0.004011138193688789,
    "Min Update Game Tick time": 3.33E-4,
    "Amount of game ticks executed": 919,
    "metrics": {
      "Thorns Damage Dealer - Update GameTick Total": 0.004011138193688789,
      "Thorns Damage Dealer - Activate Delayed Thorn Attacks": 0.001626723612622413
    },
    "Slow game ticks (x3.5 average)": 24,
    "Max Update GameTick time": 0.230375
  },
  "Missile Manager": {
    "Average Update GameTick Time": 0.2797314221980415,
    "Min Update Game Tick time": 0.001833,
    "Amount of game ticks executed": 919,
    "metrics": {
      "Missile Manager - Update Laserbeams": 0.0013585005440696382,
      "Missile Manager - Update GameTick Total": 0.2797314221980415,
      "Missile Manager - Trigger Missile Actions": 0.0010776648531011935,
      "Missile Manager - Remove Invisible Projects": 0.003457952121871598,
      "Missile Manager - Check Missile Collision": 0.248620228509249,
      "Missile Manager - Move Missiles": 0.015006840043525592
    },
    "Slow game ticks (x3.5 average)": 110,
    "Max Update GameTick time": 5.451458
  },
  "Audio Manager": {
    "Average Update GameTick Time": 0.12602014036996714,
    "Min Update Game Tick time": 0.0,
    "Amount of game ticks executed": 919,
    "metrics": {
      "Audio Manager - Reset Clips": 0.3742821883116882,
      "Audio Manager - Update GameTick Total": 0.12602014036996714
    },
    "Slow game ticks (x3.5 average)": 90,
    "Max Update GameTick time": 3.039625
  },
  "Friendly Manager": {
    "Average Update GameTick Time": 0.14263792818280738,
    "Min Update Game Tick time": 0.004375,
    "Amount of game ticks executed": 919,
    "metrics": {
      "Friendly Manager - Activate Friendly Objects": 0.0961454842219804,
      "Friendly Manager - Check Friendly Object Collision": 0.015099033732317734,
      "Friendly Manager - Update GameTick Total": 0.14263792818280738,
      "Friendly Manager - Remove Invisible Objects": 0.002069943416757341,
      "Friendly Manager - Spawn Finished Level Portal": 0.0010532306855277457,
      "Friendly Manager - Move Friendly Objects": 0.01860219260065286
    },
    "Slow game ticks (x3.5 average)": 88,
    "Max Update GameTick time": 2.127167
  }
}