{
  "Enemy Manager": {
    "Average Update GameTick Time": 0.10235221999554678,
    "Min Update Game Tick time": 0.00153,
    "Amount of game ticks executed": 4491,
    "metrics": {
      "Enemy Manager - Trigger Enemy Actions": 0.06332064885326227,
      "Enemy Manager - Update Enemies": 0.030173277889111585,
      "Enemy Manager - Move Enemy": 0.005460180180180177,
      "Enemy Manager - Check Spaceship Collision": 0.0055654417724337515,
      "Enemy Manager - Update Enemy Effects": 0.007136107072589826,
      "Enemy Manager - Update GameTick Total": 0.10235221999554678
    },
    "Slow game ticks (x3.5 average)": 175,
    "Max Update GameTick time": 17.023226
  },
  "Background Manager": {
    "Average Update GameTick Time": 0.011755391449565812,
    "Min Update Game Tick time": 0.004085,
    "Amount of game ticks executed": 4491,
    "metrics": {
      "Background Manager - Update Objects": 0.00746008536759457,
      "Background Manager - Update GameTick Total": 0.011755391449565812
    },
    "Slow game ticks (x3.5 average)": 44,
    "Max Update GameTick time": 0.181572
  },
  "Animation Manager": {
    "Average Update GameTick Time": 0.0041300556668893325,
    "Min Update Game Tick time": 9.01E-4,
    "Amount of game ticks executed": 4491,
    "metrics": {
      "Animation Manager - Remove Invisible Animations": 0.0010379314183923396,
      "Animation Manager - Recenter Animations": 8.106020930750388E-4,
      "Animation Manager - Update GameTick Total": 0.0041300556668893325
    },
    "Slow game ticks (x3.5 average)": 51,
    "Max Update GameTick time": 0.089793
  },
  "Player Manager": {
    "Average Update GameTick Time": 0.023421268537074137,
    "Min Update Game Tick time": 0.008937,
    "Amount of game ticks executed": 4491,
    "metrics": {
      "Player Manager - Check Player Health": 0.0015411260298374562,
      "Player Manager - Update GameTick Total": 0.023421268537074137,
      "Player Manager - Update Ship Movement": 0.003217341126697837,
      "Player Manager - Update SpaceShip": 0.009134391894900881
    },
    "Slow game ticks (x3.5 average)": 36,
    "Max Update GameTick time": 0.456077
  },
  "Director Manager": {
    "Average Update GameTick Time": 0.004732974202178467,
    "Min Update Game Tick time": 5.49E-4,
    "Amount of game ticks executed": 5233,
    "metrics": {
      "Director Manager - Update Difficulty Coefficient": 0.0012810067506750697,
      "Director Manager - Update Director": 0.980336,
      "Director Manager - Update GameTick Total": 0.004732974202178467,
      "Director Manager - Distribute Credits": 8.019896489648962E-4
    },
    "Slow game ticks (x3.5 average)": 63,
    "Max Update GameTick time": 0.985524
  },
  "Level Manager": {
    "Average Update GameTick Time": 0.019358581502006544,
    "Min Update Game Tick time": 9.1E-5,
    "Amount of game ticks executed": 5233,
    "metrics": {
      "Level Manager - Handle End Of Song Behaviour": 0.01935669585043316,
      "Level Manager - Update GameTick Total": 0.019358581502006544,
      "Level Manager - Spawn Enemy": 0.861729
    },
    "Slow game ticks (x3.5 average)": 242,
    "Max Update GameTick time": 2.149111
  },
  "GameBoard": {
    "Average Update GameTick Time": 0.0,
    "Min Update Game Tick time": 1.7976931348623157E308,
    "Amount of game ticks executed": 0,
    "metrics": {
      "Draw Objects": 1.1062082139446037
    },
    "Slow game ticks (x3.5 average)": 0,
    "Max Update GameTick time": 0.0
  },
  "Explosion Manager": {
    "Average Update GameTick Time": 0.0021729977733244274,
    "Min Update Game Tick time": 7.25E-4,
    "Amount of game ticks executed": 4491,
    "metrics": {
      "Explosion Manager - Update Explosions": 3.323402360276103E-4,
      "Explosion Manager - Update GameTick Total": 0.0021729977733244274
    },
    "Slow game ticks (x3.5 average)": 26,
    "Max Update GameTick time": 0.08423
  },
  "Thorns Damage Dealer": {
    "Average Update GameTick Time": 0.0018462604624498403,
    "Min Update Game Tick time": 7.34E-4,
    "Amount of game ticks executed": 5233,
    "metrics": {
      "Thorns Damage Dealer - Update GameTick Total": 0.0018462604624498403,
      "Thorns Damage Dealer - Activate Delayed Thorn Attacks": 1.4283699598700497E-4
    },
    "Slow game ticks (x3.5 average)": 23,
    "Max Update GameTick time": 0.075064
  },
  "Missile Manager": {
    "Average Update GameTick Time": 0.34150381095524224,
    "Min Update Game Tick time": 0.002912,
    "Amount of game ticks executed": 4491,
    "metrics": {
      "Missile Manager - Update Laserbeams": 0.01515312692050769,
      "Missile Manager - Update GameTick Total": 0.34150381095524224,
      "Missile Manager - Trigger Missile Actions": 0.00401108884435538,
      "Missile Manager - Remove Invisible Projects": 0.0015215769316410585,
      "Missile Manager - Check Missile Collision": 0.2910440122467167,
      "Missile Manager - Move Missiles": 0.019284056334892018
    },
    "Slow game ticks (x3.5 average)": 680,
    "Max Update GameTick time": 7.994308
  },
  "Audio Manager": {
    "Average Update GameTick Time": 0.09046250055666902,
    "Min Update Game Tick time": 3.94E-4,
    "Amount of game ticks executed": 4491,
    "metrics": {
      "Audio Manager - Reset Clips": 0.26780639426284175,
      "Audio Manager - Update GameTick Total": 0.09046250055666902
    },
    "Slow game ticks (x3.5 average)": 257,
    "Max Update GameTick time": 3.793916
  },
  "Friendly Manager": {
    "Average Update GameTick Time": 0.005364747717657533,
    "Min Update Game Tick time": 0.002104,
    "Amount of game ticks executed": 4491,
    "metrics": {
      "Friendly Manager - Activate Friendly Objects": 2.7146782453796504E-4,
      "Friendly Manager - Check Friendly Object Collision": 1.520852816744611E-4,
      "Friendly Manager - Update GameTick Total": 0.005364747717657533,
      "Friendly Manager - Remove Invisible Objects": 9.547339122689738E-5,
      "Friendly Manager - Spawn Finished Level Portal": 1.1343620574482213E-4,
      "Friendly Manager - Move Friendly Objects": 9.942685370741308E-5
    },
    "Slow game ticks (x3.5 average)": 46,
    "Max Update GameTick time": 0.177374
  }
}