{
  "Enemy Manager": {
    "Average Update GameTick Time": 0.15665598305084724,
    "Min Update Game Tick time": 0.003092,
    "Amount of game ticks executed": 1475,
    "metrics": {
      "Enemy Manager - Trigger Enemy Actions": 0.024490113898305098,
      "Enemy Manager - Update Enemies": 0.11321877288135582,
      "Enemy Manager - Move Enemy": 0.005888425954125815,
      "Enemy Manager - Check Spaceship Collision": 0.012234809491525401,
      "Enemy Manager - Update Enemy Effects": 2.667265156562399E-4,
      "Enemy Manager - Update GameTick Total": 0.15665598305084724
    },
    "Slow game ticks (x3.5 average)": 53,
    "Max Update GameTick time": 12.254082
  },
  "Background Manager": {
    "Average Update GameTick Time": 0.010461347796610164,
    "Min Update Game Tick time": 0.004114,
    "Amount of game ticks executed": 1475,
    "metrics": {
      "Background Manager - Update Objects": 0.010711312802582043,
      "Background Manager - Update GameTick Total": 0.010461347796610164
    },
    "Slow game ticks (x3.5 average)": 20,
    "Max Update GameTick time": 0.161313
  },
  "Animation Manager": {
    "Average Update GameTick Time": 0.010712970847457638,
    "Min Update Game Tick time": 0.003991,
    "Amount of game ticks executed": 1475,
    "metrics": {
      "Animation Manager - Remove Invisible Animations": 0.002790023050847458,
      "Animation Manager - Recenter Animations": 0.00308206847457627,
      "Animation Manager - Update GameTick Total": 0.010712970847457638
    },
    "Slow game ticks (x3.5 average)": 35,
    "Max Update GameTick time": 0.280745
  },
  "Player Manager": {
    "Average Update GameTick Time": 0.036827184406779685,
    "Min Update Game Tick time": 0.009778,
    "Amount of game ticks executed": 1475,
    "metrics": {
      "Player Manager - Check Player Health": 0.003445929491525428,
      "Player Manager - Update GameTick Total": 0.036827184406779685,
      "Player Manager - Update Ship Movement": 0.012471620338983087,
      "Player Manager - Update SpaceShip": 0.011364559322033913
    },
    "Slow game ticks (x3.5 average)": 2,
    "Max Update GameTick time": 1.160553
  },
  "Director Manager": {
    "Average Update GameTick Time": 0.13503674169491503,
    "Min Update Game Tick time": 2.85E-4,
    "Amount of game ticks executed": 1475,
    "metrics": {
      "Director Manager - Update Difficulty Coefficient": 0.0032902017094017075,
      "Director Manager - Update Director": 0.07749499787865913,
      "Director Manager - Update GameTick Total": 0.13503674169491503,
      "Director Manager - Distribute Credits": 0.003176770085470088
    },
    "Slow game ticks (x3.5 average)": 9,
    "Max Update GameTick time": 143.503104
  },
  "Level Manager": {
    "Average Update GameTick Time": 0.2742106759322033,
    "Min Update Game Tick time": 3.88E-4,
    "Amount of game ticks executed": 1475,
    "metrics": {
      "Level Manager - Handle End Of Song Behaviour": 0.34054206233988055,
      "Level Manager - Update GameTick Total": 0.2742106759322033,
      "Level Manager - Finish Level": 0.048865,
      "Level Manager - Spawn Enemy": 2.534095550000001
    },
    "Slow game ticks (x3.5 average)": 21,
    "Max Update GameTick time": 199.456323
  },
  "GameBoard": {
    "Average Update GameTick Time": 0.0,
    "Min Update Game Tick time": 1.7976931348623157E308,
    "Amount of game ticks executed": 0,
    "metrics": {
      "Draw Objects": 0.8868563685636857
    },
    "Slow game ticks (x3.5 average)": 0,
    "Max Update GameTick time": 0.0
  },
  "Explosion Manager": {
    "Average Update GameTick Time": 0.006675570169491515,
    "Min Update Game Tick time": 0.002154,
    "Amount of game ticks executed": 1475,
    "metrics": {
      "Explosion Manager - Update Explosions": 0.0036504542372881366,
      "Explosion Manager - Update GameTick Total": 0.006675570169491515
    },
    "Slow game ticks (x3.5 average)": 19,
    "Max Update GameTick time": 0.178168
  },
  "Thorns Damage Dealer": {
    "Average Update GameTick Time": 0.004721993898305082,
    "Min Update Game Tick time": 0.001281,
    "Amount of game ticks executed": 1475,
    "metrics": {
      "Thorns Damage Dealer - Update GameTick Total": 0.004721993898305082,
      "Thorns Damage Dealer - Activate Delayed Thorn Attacks": 0.002205732203389832
    },
    "Slow game ticks (x3.5 average)": 22,
    "Max Update GameTick time": 0.181249
  },
  "Missile Manager": {
    "Average Update GameTick Time": 0.09902127389830516,
    "Min Update Game Tick time": 0.006299,
    "Amount of game ticks executed": 1475,
    "metrics": {
      "Missile Manager - Update Laserbeams": 0.0014394671186440686,
      "Missile Manager - Update GameTick Total": 0.09902127389830516,
      "Missile Manager - Trigger Missile Actions": 0.002371925423728816,
      "Missile Manager - Remove Invisible Projects": 0.0034946372881355914,
      "Missile Manager - Check Missile Collision": 0.049226298983050906,
      "Missile Manager - Move Missiles": 0.030745817627118636
    },
    "Slow game ticks (x3.5 average)": 48,
    "Max Update GameTick time": 16.259224
  },
  "Audio Manager": {
    "Average Update GameTick Time": 0.10154188881355922,
    "Min Update Game Tick time": 2.99E-4,
    "Amount of game ticks executed": 1475,
    "metrics": {
      "Audio Manager - Reset Clips": 0.29978310953346865,
      "Audio Manager - Update GameTick Total": 0.10154188881355922
    },
    "Slow game ticks (x3.5 average)": 171,
    "Max Update GameTick time": 2.492734
  },
  "Friendly Manager": {
    "Average Update GameTick Time": 0.014692674576271188,
    "Min Update Game Tick time": 0.004919,
    "Amount of game ticks executed": 1475,
    "metrics": {
      "Friendly Manager - Activate Friendly Objects": 0.0015138745762711865,
      "Friendly Manager - Check Friendly Object Collision": 0.0023171898305084757,
      "Friendly Manager - Update GameTick Total": 0.014692674576271188,
      "Friendly Manager - Remove Invisible Objects": 8.821647457627118E-4,
      "Friendly Manager - Spawn Finished Level Portal": 7.250535593220353E-4,
      "Friendly Manager - Move Friendly Objects": 7.217755932203382E-4
    },
    "Slow game ticks (x3.5 average)": 21,
    "Max Update GameTick time": 0.652375
  }
}