{
  "Enemy Manager": {
    "Average Update GameTick Time": 0.3258392813085717,
    "Min Update Game Tick time": 4.16E-4,
    "Amount of game ticks executed": 17607,
    "metrics": {
      "Enemy Manager - Trigger Enemy Actions": 0.021284574373828438,
      "Enemy Manager - Update Enemies": 0.29419089254273934,
      "Enemy Manager - Move Enemy": 0.002162751550183732,
      "Enemy Manager - Check Spaceship Collision": 0.007963034758902707,
      "Enemy Manager - Update Enemy Effects": 4.617181870106878E-4,
      "Enemy Manager - Update GameTick Total": 0.3258392813085717
    },
    "Slow game ticks (x3.5 average)": 504,
    "Max Update GameTick time": 40.267958
  },
  "Background Manager": {
    "Average Update GameTick Time": 0.011789664054069485,
    "Min Update Game Tick time": 9.59E-4,
    "Amount of game ticks executed": 17607,
    "metrics": {
      "Background Manager - Update Objects": 0.008990185681989376,
      "Background Manager - Update GameTick Total": 0.011789664054069485
    },
    "Slow game ticks (x3.5 average)": 121,
    "Max Update GameTick time": 0.67525
  },
  "Animation Manager": {
    "Average Update GameTick Time": 0.005490667575396083,
    "Min Update Game Tick time": 2.5E-4,
    "Amount of game ticks executed": 17607,
    "metrics": {
      "Animation Manager - Remove Invisible Animations": 9.620861589140871E-4,
      "Animation Manager - Recenter Animations": 0.0018050134605554265,
      "Animation Manager - Update GameTick Total": 0.005490667575396083
    },
    "Slow game ticks (x3.5 average)": 170,
    "Max Update GameTick time": 3.115708
  },
  "Player Manager": {
    "Average Update GameTick Time": 0.014767983245300185,
    "Min Update Game Tick time": 5.83E-4,
    "Amount of game ticks executed": 17607,
    "metrics": {
      "Player Manager - Check Player Health": 9.721951496564487E-4,
      "Player Manager - Update GameTick Total": 0.014767983245300185,
      "Player Manager - Update Ship Movement": 0.0058565544385756115,
      "Player Manager - Update SpaceShip": 0.002989398648264719
    },
    "Slow game ticks (x3.5 average)": 118,
    "Max Update GameTick time": 2.610584
  },
  "Director Manager": {
    "Average Update GameTick Time": 0.017999173810460182,
    "Min Update Game Tick time": 0.0,
    "Amount of game ticks executed": 17801,
    "metrics": {
      "Director Manager - Update Difficulty Coefficient": 8.580480010972166E-4,
      "Director Manager - Update Director": 0.007911287717254425,
      "Director Manager - Update GameTick Total": 0.017999173810460182,
      "Director Manager - Distribute Credits": 7.3234471645068E-4
    },
    "Slow game ticks (x3.5 average)": 415,
    "Max Update GameTick time": 8.018916
  },
  "Level Manager": {
    "Average Update GameTick Time": 0.1824659478119235,
    "Min Update Game Tick time": 0.0,
    "Amount of game ticks executed": 17801,
    "metrics": {
      "Level Manager - Handle End Of Song Behaviour": 0.2207743435271564,
      "Level Manager - Update GameTick Total": 0.1824659478119235,
      "Level Manager - Finish Level": 0.028042,
      "Level Manager - Spawn Enemy": 0.036939849105812154
    },
    "Slow game ticks (x3.5 average)": 36,
    "Max Update GameTick time": 166.289125
  },
  "GameBoard": {
    "Average Update GameTick Time": 0.0,
    "Min Update Game Tick time": 1.7976931348623157E308,
    "Amount of game ticks executed": 0,
    "metrics": {
      "Draw Objects": 3.2922143579373104
    },
    "Slow game ticks (x3.5 average)": 0,
    "Max Update GameTick time": 0.0
  },
  "Explosion Manager": {
    "Average Update GameTick Time": 0.0025311034815697683,
    "Min Update Game Tick time": 8.3E-5,
    "Amount of game ticks executed": 17607,
    "metrics": {
      "Explosion Manager - Update Explosions": 4.2629891520418336E-4,
      "Explosion Manager - Update GameTick Total": 0.0025311034815697683
    },
    "Slow game ticks (x3.5 average)": 145,
    "Max Update GameTick time": 0.50325
  },
  "Thorns Damage Dealer": {
    "Average Update GameTick Time": 0.0023924539632604264,
    "Min Update Game Tick time": 8.3E-5,
    "Amount of game ticks executed": 17801,
    "metrics": {
      "Thorns Damage Dealer - Update GameTick Total": 0.0023924539632604264,
      "Thorns Damage Dealer - Activate Delayed Thorn Attacks": 5.7126790629736154E-5
    },
    "Slow game ticks (x3.5 average)": 152,
    "Max Update GameTick time": 0.258208
  },
  "Missile Manager": {
    "Average Update GameTick Time": 0.18452915215539234,
    "Min Update Game Tick time": 0.001292,
    "Amount of game ticks executed": 17607,
    "metrics": {
      "Missile Manager - Update Laserbeams": 1.1408706764356564E-4,
      "Missile Manager - Update GameTick Total": 0.18452915215539234,
      "Missile Manager - Trigger Missile Actions": 6.057077866757556E-4,
      "Missile Manager - Remove Invisible Projects": 0.0014286512750610668,
      "Missile Manager - Check Missile Collision": 0.11276840858749378,
      "Missile Manager - Move Missiles": 0.06476110836599078
    },
    "Slow game ticks (x3.5 average)": 206,
    "Max Update GameTick time": 4.870458
  },
  "Audio Manager": {
    "Average Update GameTick Time": 0.11095538359742832,
    "Min Update Game Tick time": 0.0,
    "Amount of game ticks executed": 17607,
    "metrics": {
      "Audio Manager - Reset Clips": 0.3293766045996591,
      "Audio Manager - Update GameTick Total": 0.11095538359742832
    },
    "Slow game ticks (x3.5 average)": 1174,
    "Max Update GameTick time": 5.483334
  },
  "Friendly Manager": {
    "Average Update GameTick Time": 0.005791336513886394,
    "Min Update Game Tick time": 5.0E-4,
    "Amount of game ticks executed": 17607,
    "metrics": {
      "Friendly Manager - Activate Friendly Objects": 1.820042028738821E-4,
      "Friendly Manager - Check Friendly Object Collision": 6.607050604872863E-4,
      "Friendly Manager - Update GameTick Total": 0.005791336513886394,
      "Friendly Manager - Remove Invisible Objects": 1.5907071051288362E-4,
      "Friendly Manager - Spawn Finished Level Portal": 1.2055228034306824E-4,
      "Friendly Manager - Move Friendly Objects": 1.5418151871416825E-4
    },
    "Slow game ticks (x3.5 average)": 127,
    "Max Update GameTick time": 0.372583
  }
}