{
  "Enemy Manager": {
    "Average Update GameTick Time": 0.14705779244118194,
    "Min Update Game Tick time": 0.001579,
    "Amount of game ticks executed": 14579,
    "metrics": {
      "Enemy Manager - Trigger Enemy Actions": 0.01016707387337956,
      "Enemy Manager - Update Enemies": 0.12762763845256886,
      "Enemy Manager - Move Enemy": 0.001988840624350304,
      "Enemy Manager - Check Spaceship Collision": 0.006741965086768621,
      "Enemy Manager - Update Enemy Effects": 0.0018934720956427801,
      "Enemy Manager - Update GameTick Total": 0.14705779244118194
    },
    "Slow game ticks (x3.5 average)": 338,
    "Max Update GameTick time": 9.439668
  },
  "Background Manager": {
    "Average Update GameTick Time": 0.009477323067425743,
    "Min Update Game Tick time": 0.004807,
    "Amount of game ticks executed": 14579,
    "metrics": {
      "Background Manager - Update Objects": 0.006203238072683484,
      "Background Manager - Update GameTick Total": 0.009477323067425743
    },
    "Slow game ticks (x3.5 average)": 135,
    "Max Update GameTick time": 0.111147
  },
  "Animation Manager": {
    "Average Update GameTick Time": 0.003703696618423768,
    "Min Update Game Tick time": 0.001257,
    "Amount of game ticks executed": 14579,
    "metrics": {
      "Animation Manager - Remove Invisible Animations": 8.190088483435125E-4,
      "Animation Manager - Recenter Animations": 9.918815419438904E-4,
      "Animation Manager - Update GameTick Total": 0.003703696618423768
    },
    "Slow game ticks (x3.5 average)": 116,
    "Max Update GameTick time": 0.08276
  },
  "Player Manager": {
    "Average Update GameTick Time": 0.01429722395226006,
    "Min Update Game Tick time": 0.006367,
    "Amount of game ticks executed": 14579,
    "metrics": {
      "Player Manager - Check Player Health": 8.42297002537895E-4,
      "Player Manager - Update GameTick Total": 0.01429722395226006,
      "Player Manager - Update Ship Movement": 0.002190605871458941,
      "Player Manager - Update SpaceShip": 0.006763799917689796
    },
    "Slow game ticks (x3.5 average)": 83,
    "Max Update GameTick time": 0.470888
  },
  "Director Manager": {
    "Average Update GameTick Time": 0.012291326416114655,
    "Min Update Game Tick time": 6.13E-4,
    "Amount of game ticks executed": 14794,
    "metrics": {
      "Director Manager - Update Difficulty Coefficient": 0.001002966167664674,
      "Director Manager - Update Director": 0.004137550454596466,
      "Director Manager - Update GameTick Total": 0.012291326416114655,
      "Director Manager - Distribute Credits": 7.90176122754487E-4
    },
    "Slow game ticks (x3.5 average)": 773,
    "Max Update GameTick time": 1.210816
  },
  "Level Manager": {
    "Average Update GameTick Time": 0.30552344463971787,
    "Min Update Game Tick time": 6.28E-4,
    "Amount of game ticks executed": 14794,
    "metrics": {
      "Level Manager - Handle End Of Song Behaviour": 0.33581462375570625,
      "Level Manager - Update GameTick Total": 0.30552344463971787,
      "Level Manager - Finish Level": 0.020996,
      "Level Manager - Spawn Enemy": 0.04110305438401779
    },
    "Slow game ticks (x3.5 average)": 31,
    "Max Update GameTick time": 233.447421
  },
  "GameBoard": {
    "Average Update GameTick Time": 0.0,
    "Min Update Game Tick time": 1.7976931348623157E308,
    "Amount of game ticks executed": 0,
    "metrics": {
      "Draw Objects": 2.00466373774924
    },
    "Slow game ticks (x3.5 average)": 0,
    "Max Update GameTick time": 0.0
  },
  "Explosion Manager": {
    "Average Update GameTick Time": 0.0020676665752109176,
    "Min Update Game Tick time": 9.08E-4,
    "Amount of game ticks executed": 14579,
    "metrics": {
      "Explosion Manager - Update Explosions": 2.968124013992726E-4,
      "Explosion Manager - Update GameTick Total": 0.0020676665752109176
    },
    "Slow game ticks (x3.5 average)": 75,
    "Max Update GameTick time": 0.115739
  },
  "Thorns Damage Dealer": {
    "Average Update GameTick Time": 0.001791117344869535,
    "Min Update Game Tick time": 8.15E-4,
    "Amount of game ticks executed": 14794,
    "metrics": {
      "Thorns Damage Dealer - Update GameTick Total": 0.001791117344869535,
      "Thorns Damage Dealer - Activate Delayed Thorn Attacks": 1.254607949168562E-4
    },
    "Slow game ticks (x3.5 average)": 73,
    "Max Update GameTick time": 0.08184
  },
  "Missile Manager": {
    "Average Update GameTick Time": 0.13369877687084228,
    "Min Update Game Tick time": 0.003074,
    "Amount of game ticks executed": 14579,
    "metrics": {
      "Missile Manager - Update Laserbeams": 3.016108786610893E-4,
      "Missile Manager - Update GameTick Total": 0.13369877687084228,
      "Missile Manager - Trigger Missile Actions": 0.0034911110501406038,
      "Missile Manager - Remove Invisible Projects": 8.303874751354719E-4,
      "Missile Manager - Check Missile Collision": 0.11186981562521467,
      "Missile Manager - Move Missiles": 0.013311102956307058
    },
    "Slow game ticks (x3.5 average)": 650,
    "Max Update GameTick time": 3.35871
  },
  "Audio Manager": {
    "Average Update GameTick Time": 0.1025590889635784,
    "Min Update Game Tick time": 3.79E-4,
    "Amount of game ticks executed": 14579,
    "metrics": {
      "Audio Manager - Reset Clips": 0.30484094964028696,
      "Audio Manager - Update GameTick Total": 0.1025590889635784
    },
    "Slow game ticks (x3.5 average)": 843,
    "Max Update GameTick time": 11.401536
  },
  "Friendly Manager": {
    "Average Update GameTick Time": 0.005170867754990047,
    "Min Update Game Tick time": 0.002349,
    "Amount of game ticks executed": 14579,
    "metrics": {
      "Friendly Manager - Activate Friendly Objects": 2.2118704986624597E-4,
      "Friendly Manager - Check Friendly Object Collision": 4.429794910487684E-4,
      "Friendly Manager - Update GameTick Total": 0.005170867754990047,
      "Friendly Manager - Remove Invisible Objects": 9.137752932299638E-5,
      "Friendly Manager - Spawn Finished Level Portal": 9.292557788600001E-5,
      "Friendly Manager - Move Friendly Objects": 9.663015295973543E-5
    },
    "Slow game ticks (x3.5 average)": 223,
    "Max Update GameTick time": 0.114067
  }
}