{
  "Enemy Manager": {
    "Average Update GameTick Time": 0.31252252048402457,
    "Min Update Game Tick time": 0.004325,
    "Amount of game ticks executed": 12644,
    "metrics": {
      "Enemy Manager - Trigger Enemy Actions": 0.027674677000949,
      "Enemy Manager - Update Enemies": 0.262278133185701,
      "Enemy Manager - Move Enemy": 0.0032293616188808724,
      "Enemy Manager - Check Spaceship Collision": 0.015831505457133837,
      "Enemy Manager - Update Enemy Effects": 2.0255048874334104E-4,
      "Enemy Manager - Update GameTick Total": 0.31252252048402457
    },
    "Slow game ticks (x3.5 average)": 415,
    "Max Update GameTick time": 13.325541
  },
  "Background Manager": {
    "Average Update GameTick Time": 0.012001449620373392,
    "Min Update Game Tick time": 0.00418,
    "Amount of game ticks executed": 12644,
    "metrics": {
      "Background Manager - Update Objects": 0.009078284461434664,
      "Background Manager - Update GameTick Total": 0.012001449620373392
    },
    "Slow game ticks (x3.5 average)": 192,
    "Max Update GameTick time": 0.229827
  },
  "Animation Manager": {
    "Average Update GameTick Time": 0.008380677950015769,
    "Min Update Game Tick time": 0.001539,
    "Amount of game ticks executed": 12644,
    "metrics": {
      "Animation Manager - Remove Invisible Animations": 0.0022351410155014247,
      "Animation Manager - Recenter Animations": 0.002290123932299904,
      "Animation Manager - Update GameTick Total": 0.008380677950015769
    },
    "Slow game ticks (x3.5 average)": 189,
    "Max Update GameTick time": 0.279441
  },
  "Player Manager": {
    "Average Update GameTick Time": 0.020650398528946512,
    "Min Update Game Tick time": 0.003269,
    "Amount of game ticks executed": 12644,
    "metrics": {
      "Player Manager - Check Player Health": 0.001268575134451124,
      "Player Manager - Update GameTick Total": 0.020650398528946512,
      "Player Manager - Update Ship Movement": 0.004952298481493189,
      "Player Manager - Update SpaceShip": 0.006643969392597316
    },
    "Slow game ticks (x3.5 average)": 121,
    "Max Update GameTick time": 1.302
  },
  "Director Manager": {
    "Average Update GameTick Time": 0.039879570705472704,
    "Min Update Game Tick time": 2.77E-4,
    "Amount of game ticks executed": 12644,
    "metrics": {
      "Director Manager - Update Difficulty Coefficient": 0.00172608812260537,
      "Director Manager - Update Director": 0.01674913807601107,
      "Director Manager - Update GameTick Total": 0.039879570705472704,
      "Director Manager - Distribute Credits": 0.0012584189571880676
    },
    "Slow game ticks (x3.5 average)": 181,
    "Max Update GameTick time": 152.408605
  },
  "Level Manager": {
    "Average Update GameTick Time": 0.3005898770167676,
    "Min Update Game Tick time": 4.56E-4,
    "Amount of game ticks executed": 12644,
    "metrics": {
      "Level Manager - Handle End Of Song Behaviour": 0.3134362155409353,
      "Level Manager - Update GameTick Total": 0.3005898770167676,
      "Level Manager - Finish Level": 0.068141,
      "Level Manager - Spawn Enemy": 0.33791178330893135
    },
    "Slow game ticks (x3.5 average)": 35,
    "Max Update GameTick time": 230.142881
  },
  "GameBoard": {
    "Average Update GameTick Time": 0.0,
    "Min Update Game Tick time": 1.7976931348623157E308,
    "Amount of game ticks executed": 0,
    "metrics": {
      "Draw Objects": 1.889600632661131
    },
    "Slow game ticks (x3.5 average)": 0,
    "Max Update GameTick time": 0.0
  },
  "Explosion Manager": {
    "Average Update GameTick Time": 0.004744393071812711,
    "Min Update Game Tick time": 6.7E-4,
    "Amount of game ticks executed": 12644,
    "metrics": {
      "Explosion Manager - Update Explosions": 0.0025045037962669954,
      "Explosion Manager - Update GameTick Total": 0.004744393071812711
    },
    "Slow game ticks (x3.5 average)": 130,
    "Max Update GameTick time": 1.165477
  },
  "Thorns Damage Dealer": {
    "Average Update GameTick Time": 0.0037405998101866394,
    "Min Update Game Tick time": 6.14E-4,
    "Amount of game ticks executed": 12644,
    "metrics": {
      "Thorns Damage Dealer - Update GameTick Total": 0.0037405998101866394,
      "Thorns Damage Dealer - Activate Delayed Thorn Attacks": 0.0012293898291679851
    },
    "Slow game ticks (x3.5 average)": 166,
    "Max Update GameTick time": 0.151274
  },
  "Missile Manager": {
    "Average Update GameTick Time": 0.1634569825213543,
    "Min Update Game Tick time": 0.008168,
    "Amount of game ticks executed": 12644,
    "metrics": {
      "Missile Manager - Update Laserbeams": 0.001326118791521677,
      "Missile Manager - Update GameTick Total": 0.1634569825213543,
      "Missile Manager - Trigger Missile Actions": 0.0021588740113887856,
      "Missile Manager - Remove Invisible Projects": 0.002196125118633335,
      "Missile Manager - Check Missile Collision": 0.11701681928187285,
      "Missile Manager - Move Missiles": 0.03183334451123061
    },
    "Slow game ticks (x3.5 average)": 383,
    "Max Update GameTick time": 227.122984
  },
  "Audio Manager": {
    "Average Update GameTick Time": 0.1759583715596326,
    "Min Update Game Tick time": 2.4E-4,
    "Amount of game ticks executed": 12644,
    "metrics": {
      "Audio Manager - Reset Clips": 0.5225184788899429,
      "Audio Manager - Update GameTick Total": 0.1759583715596326
    },
    "Slow game ticks (x3.5 average)": 985,
    "Max Update GameTick time": 7.096
  },
  "Friendly Manager": {
    "Average Update GameTick Time": 0.011653923679215493,
    "Min Update Game Tick time": 0.002358,
    "Amount of game ticks executed": 12644,
    "metrics": {
      "Friendly Manager - Activate Friendly Objects": 0.001050631208478335,
      "Friendly Manager - Check Friendly Object Collision": 0.0012401047927871004,
      "Friendly Manager - Update GameTick Total": 0.011653923679215493,
      "Friendly Manager - Remove Invisible Objects": 7.696435463460993E-4,
      "Friendly Manager - Spawn Finished Level Portal": 6.679512812401079E-4,
      "Friendly Manager - Move Friendly Objects": 7.811599177475548E-4
    },
    "Slow game ticks (x3.5 average)": 150,
    "Max Update GameTick time": 0.728025
  }
}