{
  "Enemy Manager": {
    "Average Update GameTick Time": 0.3898617626462726,
    "Min Update Game Tick time": 9.17E-4,
    "Amount of game ticks executed": 21706,
    "metrics": {
      "Enemy Manager - Trigger Enemy Actions": 0.02145713650603507,
      "Enemy Manager - Update Enemies": 0.3537918514696414,
      "Enemy Manager - Move Enemy": 0.0023214824273350117,
      "Enemy Manager - Check Spaceship Collision": 0.011892003363125446,
      "Enemy Manager - Update Enemy Effects": 4.0053565835039784E-4,
      "Enemy Manager - Update GameTick Total": 0.3898617626462726
    },
    "Slow game ticks (x3.5 average)": 417,
    "Max Update GameTick time": 7.587917
  },
  "Background Manager": {
    "Average Update GameTick Time": 0.012306416060075688,
    "Min Update Game Tick time": 0.001,
    "Amount of game ticks executed": 21706,
    "metrics": {
      "Background Manager - Update Objects": 0.011361519279854133,
      "Background Manager - Update GameTick Total": 0.012306416060075688
    },
    "Slow game ticks (x3.5 average)": 158,
    "Max Update GameTick time": 0.364167
  },
  "Animation Manager": {
    "Average Update GameTick Time": 0.004225007970146416,
    "Min Update Game Tick time": 2.5E-4,
    "Amount of game ticks executed": 21706,
    "metrics": {
      "Animation Manager - Remove Invisible Animations": 8.464390491108474E-4,
      "Animation Manager - Recenter Animations": 0.001432330415553275,
      "Animation Manager - Update GameTick Total": 0.004225007970146416
    },
    "Slow game ticks (x3.5 average)": 217,
    "Max Update GameTick time": 0.271584
  },
  "Player Manager": {
    "Average Update GameTick Time": 0.015777182115544186,
    "Min Update Game Tick time": 7.5E-4,
    "Amount of game ticks executed": 21706,
    "metrics": {
      "Player Manager - Check Player Health": 7.902346355846501E-4,
      "Player Manager - Update GameTick Total": 0.015777182115544186,
      "Player Manager - Update Ship Movement": 0.004680433889247108,
      "Player Manager - Update SpaceShip": 0.005212562286925146
    },
    "Slow game ticks (x3.5 average)": 273,
    "Max Update GameTick time": 1.43225
  },
  "Director Manager": {
    "Average Update GameTick Time": 0.016201600617340495,
    "Min Update Game Tick time": 0.0,
    "Amount of game ticks executed": 21706,
    "metrics": {
      "Director Manager - Update Difficulty Coefficient": 5.208488924472996E-4,
      "Director Manager - Update Director": 0.006758005843584836,
      "Director Manager - Update GameTick Total": 0.016201600617340495,
      "Director Manager - Distribute Credits": 4.569956231651978E-4
    },
    "Slow game ticks (x3.5 average)": 539,
    "Max Update GameTick time": 9.913458
  },
  "Level Manager": {
    "Average Update GameTick Time": 0.20044616410208727,
    "Min Update Game Tick time": 0.0,
    "Amount of game ticks executed": 21706,
    "metrics": {
      "Level Manager - Handle End Of Song Behaviour": 0.2310619721761495,
      "Level Manager - Update GameTick Total": 0.20044616410208727,
      "Level Manager - Finish Level": 0.033917,
      "Level Manager - Spawn Enemy": 0.03101323658192087
    },
    "Slow game ticks (x3.5 average)": 38,
    "Max Update GameTick time": 166.212125
  },
  "GameBoard": {
    "Average Update GameTick Time": 0.0,
    "Min Update Game Tick time": 1.7976931348623157E308,
    "Amount of game ticks executed": 0,
    "metrics": {
      "Draw Objects": 2.7916475657834416
    },
    "Slow game ticks (x3.5 average)": 0,
    "Max Update GameTick time": 0.0
  },
  "Explosion Manager": {
    "Average Update GameTick Time": 0.002847531788445498,
    "Min Update Game Tick time": 1.25E-4,
    "Amount of game ticks executed": 21706,
    "metrics": {
      "Explosion Manager - Update Explosions": 1.9030083847786095E-4,
      "Explosion Manager - Update GameTick Total": 0.002847531788445498
    },
    "Slow game ticks (x3.5 average)": 172,
    "Max Update GameTick time": 0.319
  },
  "Thorns Damage Dealer": {
    "Average Update GameTick Time": 0.002767345710863235,
    "Min Update Game Tick time": 1.66E-4,
    "Amount of game ticks executed": 21706,
    "metrics": {
      "Thorns Damage Dealer - Update GameTick Total": 0.002767345710863235,
      "Thorns Damage Dealer - Activate Delayed Thorn Attacks": 2.980300377775227E-5
    },
    "Slow game ticks (x3.5 average)": 204,
    "Max Update GameTick time": 0.52075
  },
  "Missile Manager": {
    "Average Update GameTick Time": 0.17541884621763543,
    "Min Update Game Tick time": 0.001333,
    "Amount of game ticks executed": 21706,
    "metrics": {
      "Missile Manager - Update Laserbeams": 1.084061089099934E-4,
      "Missile Manager - Update GameTick Total": 0.17541884621763543,
      "Missile Manager - Trigger Missile Actions": 0.0037866763106974297,
      "Missile Manager - Remove Invisible Projects": 8.650603980466142E-4,
      "Missile Manager - Check Missile Collision": 0.12627757979360582,
      "Missile Manager - Move Missiles": 0.03892065788261313
    },
    "Slow game ticks (x3.5 average)": 528,
    "Max Update GameTick time": 2.321125
  },
  "Audio Manager": {
    "Average Update GameTick Time": 0.07142895439048495,
    "Min Update Game Tick time": 0.0,
    "Amount of game ticks executed": 21706,
    "metrics": {
      "Audio Manager - Reset Clips": 0.21054217426755137,
      "Audio Manager - Update GameTick Total": 0.07142895439048495
    },
    "Slow game ticks (x3.5 average)": 918,
    "Max Update GameTick time": 3.751416
  },
  "Friendly Manager": {
    "Average Update GameTick Time": 0.005202699806505031,
    "Min Update Game Tick time": 5.0E-4,
    "Amount of game ticks executed": 21706,
    "metrics": {
      "Friendly Manager - Activate Friendly Objects": 1.2995480512302096E-4,
      "Friendly Manager - Check Friendly Object Collision": 1.447146871832616E-4,
      "Friendly Manager - Update GameTick Total": 0.005202699806505031,
      "Friendly Manager - Remove Invisible Objects": 4.377278171933235E-5,
      "Friendly Manager - Spawn Finished Level Portal": 5.0729199299729126E-5,
      "Friendly Manager - Move Friendly Objects": 4.462388279737598E-5
    },
    "Slow game ticks (x3.5 average)": 202,
    "Max Update GameTick time": 0.768625
  }
}