{
  "Enemy Manager": {
    "Average Update GameTick Time": 0.1721952740501218,
    "Min Update Game Tick time": 0.005362,
    "Amount of game ticks executed": 8659,
    "metrics": {
      "Enemy Manager - Trigger Enemy Actions": 0.020437571082111118,
      "Enemy Manager - Update Enemies": 0.13886464534010942,
      "Enemy Manager - Move Enemy": 0.0023567397026131457,
      "Enemy Manager - Check Spaceship Collision": 0.009385339415636886,
      "Enemy Manager - Update Enemy Effects": 1.7745158610755747E-4,
      "Enemy Manager - Update GameTick Total": 0.1721952740501218
    },
    "Slow game ticks (x3.5 average)": 181,
    "Max Update GameTick time": 4.293158
  },
  "Background Manager": {
    "Average Update GameTick Time": 0.011842490010393775,
    "Min Update Game Tick time": 0.004989,
    "Amount of game ticks executed": 8659,
    "metrics": {
      "Background Manager - Update Objects": 0.008975660070975432,
      "Background Manager - Update GameTick Total": 0.011842490010393775
    },
    "Slow game ticks (x3.5 average)": 93,
    "Max Update GameTick time": 0.204227
  },
  "Animation Manager": {
    "Average Update GameTick Time": 0.00782317334565189,
    "Min Update Game Tick time": 0.001858,
    "Amount of game ticks executed": 8659,
    "metrics": {
      "Animation Manager - Remove Invisible Animations": 0.0019685959117681047,
      "Animation Manager - Recenter Animations": 0.0024558594525926694,
      "Animation Manager - Update GameTick Total": 0.00782317334565189
    },
    "Slow game ticks (x3.5 average)": 90,
    "Max Update GameTick time": 0.129151
  },
  "Player Manager": {
    "Average Update GameTick Time": 0.024942700080840784,
    "Min Update Game Tick time": 0.004525,
    "Amount of game ticks executed": 8659,
    "metrics": {
      "Player Manager - Check Player Health": 0.0012422909111906681,
      "Player Manager - Update GameTick Total": 0.024942700080840784,
      "Player Manager - Update Ship Movement": 0.006913663933479624,
      "Player Manager - Update SpaceShip": 0.006910424760364922
    },
    "Slow game ticks (x3.5 average)": 72,
    "Max Update GameTick time": 0.455593
  },
  "Director Manager": {
    "Average Update GameTick Time": 0.025190324864303046,
    "Min Update Game Tick time": 0.00295,
    "Amount of game ticks executed": 8659,
    "metrics": {
      "Director Manager - Update Difficulty Coefficient": 0.0019144389652384847,
      "Director Manager - Update Director": 0.008029945040988298,
      "Director Manager - Update GameTick Total": 0.025190324864303046,
      "Director Manager - Distribute Credits": 0.0013141440120106266
    },
    "Slow game ticks (x3.5 average)": 338,
    "Max Update GameTick time": 2.01283
  },
  "Level Manager": {
    "Average Update GameTick Time": 0.28231057235246504,
    "Min Update Game Tick time": 1.36E-4,
    "Amount of game ticks executed": 8659,
    "metrics": {
      "Level Manager - Handle End Of Song Behaviour": 0.2837832253916299,
      "Level Manager - Update GameTick Total": 0.28231057235246504,
      "Level Manager - Spawn Enemy": 0.10170691200000015
    },
    "Slow game ticks (x3.5 average)": 23,
    "Max Update GameTick time": 207.027066
  },
  "GameBoard": {
    "Average Update GameTick Time": 0.0,
    "Min Update Game Tick time": 1.7976931348623157E308,
    "Amount of game ticks executed": 0,
    "metrics": {
      "Draw Objects": 0.9774905281925562
    },
    "Slow game ticks (x3.5 average)": 0,
    "Max Update GameTick time": 0.0
  },
  "Explosion Manager": {
    "Average Update GameTick Time": 0.003655280170920445,
    "Min Update Game Tick time": 0.001167,
    "Amount of game ticks executed": 8659,
    "metrics": {
      "Explosion Manager - Update Explosions": 0.0014681959810601628,
      "Explosion Manager - Update GameTick Total": 0.003655280170920445
    },
    "Slow game ticks (x3.5 average)": 69,
    "Max Update GameTick time": 0.081219
  },
  "Thorns Damage Dealer": {
    "Average Update GameTick Time": 0.003688943873426483,
    "Min Update Game Tick time": 8.36E-4,
    "Amount of game ticks executed": 8659,
    "metrics": {
      "Thorns Damage Dealer - Update GameTick Total": 0.003688943873426483,
      "Thorns Damage Dealer - Activate Delayed Thorn Attacks": 9.883097355352785E-4
    },
    "Slow game ticks (x3.5 average)": 94,
    "Max Update GameTick time": 0.090877
  },
  "Missile Manager": {
    "Average Update GameTick Time": 0.12118053470377657,
    "Min Update Game Tick time": 0.007165,
    "Amount of game ticks executed": 8659,
    "metrics": {
      "Missile Manager - Update Laserbeams": 5.017377295299773E-4,
      "Missile Manager - Update GameTick Total": 0.12118053470377657,
      "Missile Manager - Trigger Missile Actions": 0.0012636535396697078,
      "Missile Manager - Remove Invisible Projects": 0.0018382659660468854,
      "Missile Manager - Check Missile Collision": 0.08139076775609178,
      "Missile Manager - Move Missiles": 0.02983882942603075
    },
    "Slow game ticks (x3.5 average)": 146,
    "Max Update GameTick time": 227.938455
  },
  "Audio Manager": {
    "Average Update GameTick Time": 0.15655526966162403,
    "Min Update Game Tick time": 4.05E-4,
    "Amount of game ticks executed": 8659,
    "metrics": {
      "Audio Manager - Reset Clips": 0.46562748649584434,
      "Audio Manager - Update GameTick Total": 0.15655526966162403
    },
    "Slow game ticks (x3.5 average)": 662,
    "Max Update GameTick time": 4.776167
  },
  "Friendly Manager": {
    "Average Update GameTick Time": 0.009863597759556551,
    "Min Update Game Tick time": 0.002535,
    "Amount of game ticks executed": 8659,
    "metrics": {
      "Friendly Manager - Activate Friendly Objects": 8.164177156715533E-4,
      "Friendly Manager - Check Friendly Object Collision": 8.122755514493603E-4,
      "Friendly Manager - Update GameTick Total": 0.009863597759556551,
      "Friendly Manager - Remove Invisible Objects": 6.001179119990683E-4,
      "Friendly Manager - Spawn Finished Level Portal": 6.398953689802675E-4,
      "Friendly Manager - Move Friendly Objects": 6.621179119990883E-4
    },
    "Slow game ticks (x3.5 average)": 81,
    "Max Update GameTick time": 0.133157
  }
}