{
  "Enemy Manager": {
    "Average Update GameTick Time": 0.12645574880095917,
    "Min Update Game Tick time": 0.002041,
    "Amount of game ticks executed": 1668,
    "metrics": {
      "Enemy Manager - Trigger Enemy Actions": 0.09523741187050344,
      "Enemy Manager - Update Enemies": 0.02206120623501195,
      "Enemy Manager - Move Enemy": 0.007871451940850208,
      "Enemy Manager - Check Spaceship Collision": 0.004782767386091128,
      "Enemy Manager - Update Enemy Effects": 5.480529882932909E-4,
      "Enemy Manager - Update GameTick Total": 0.12645574880095917
    },
    "Slow game ticks (x3.5 average)": 60,
    "Max Update GameTick time": 9.081167
  },
  "Background Manager": {
    "Average Update GameTick Time": 0.011201520383693018,
    "Min Update Game Tick time": 0.001542,
    "Amount of game ticks executed": 1668,
    "metrics": {
      "Background Manager - Update Objects": 0.00837355243902441,
      "Background Manager - Update GameTick Total": 0.011201520383693018
    },
    "Slow game ticks (x3.5 average)": 18,
    "Max Update GameTick time": 0.173083
  },
  "Animation Manager": {
    "Average Update GameTick Time": 0.006964390887290178,
    "Min Update Game Tick time": 0.001666,
    "Amount of game ticks executed": 1668,
    "metrics": {
      "Animation Manager - Remove Invisible Animations": 0.0016407853717026306,
      "Animation Manager - Recenter Animations": 0.0016609334532374008,
      "Animation Manager - Update GameTick Total": 0.006964390887290178
    },
    "Slow game ticks (x3.5 average)": 19,
    "Max Update GameTick time": 0.112292
  },
  "Player Manager": {
    "Average Update GameTick Time": 0.028191619304556274,
    "Min Update Game Tick time": 0.003666,
    "Amount of game ticks executed": 1668,
    "metrics": {
      "Player Manager - Check Player Health": 0.0020231079136690637,
      "Player Manager - Update GameTick Total": 0.028191619304556274,
      "Player Manager - Update Ship Movement": 0.00753610491606722,
      "Player Manager - Update SpaceShip": 0.011883125899280516
    },
    "Slow game ticks (x3.5 average)": 5,
    "Max Update GameTick time": 3.781958
  },
  "Director Manager": {
    "Average Update GameTick Time": 9.03191247002396E-4,
    "Min Update Game Tick time": 8.3E-5,
    "Amount of game ticks executed": 1668,
    "metrics": {
      "Director Manager - Update GameTick Total": 9.03191247002396E-4
    },
    "Slow game ticks (x3.5 average)": 6,
    "Max Update GameTick time": 0.052416
  },
  "Level Manager": {
    "Average Update GameTick Time": 0.004722152278177463,
    "Min Update Game Tick time": 2.5E-4,
    "Amount of game ticks executed": 1668,
    "metrics": {
      "Level Manager - Handle End Of Song Behaviour": 0.002060752399232242,
      "Level Manager - Update GameTick Total": 0.004722152278177463
    },
    "Slow game ticks (x3.5 average)": 16,
    "Max Update GameTick time": 0.22525
  },
  "GameBoard": {
    "Average Update GameTick Time": 0.0,
    "Min Update Game Tick time": 1.7976931348623157E308,
    "Amount of game ticks executed": 0,
    "metrics": {
      "Draw Objects": 1.3622754491017963
    },
    "Slow game ticks (x3.5 average)": 0,
    "Max Update GameTick time": 0.0
  },
  "Explosion Manager": {
    "Average Update GameTick Time": 0.005368406474820152,
    "Min Update Game Tick time": 0.001,
    "Amount of game ticks executed": 1668,
    "metrics": {
      "Explosion Manager - Update Explosions": 0.002775632494004801,
      "Explosion Manager - Update GameTick Total": 0.005368406474820152
    },
    "Slow game ticks (x3.5 average)": 23,
    "Max Update GameTick time": 0.23375
  },
  "Thorns Damage Dealer": {
    "Average Update GameTick Time": 0.003271910671462835,
    "Min Update Game Tick time": 7.09E-4,
    "Amount of game ticks executed": 1668,
    "metrics": {
      "Thorns Damage Dealer - Update GameTick Total": 0.003271910671462835,
      "Thorns Damage Dealer - Activate Delayed Thorn Attacks": 0.001492488009592319
    },
    "Slow game ticks (x3.5 average)": 16,
    "Max Update GameTick time": 0.049167
  },
  "Missile Manager": {
    "Average Update GameTick Time": 0.17563501378896876,
    "Min Update Game Tick time": 0.002917,
    "Amount of game ticks executed": 1668,
    "metrics": {
      "Missile Manager - Update Laserbeams": 0.010275045563549166,
      "Missile Manager - Update GameTick Total": 0.17563501378896876,
      "Missile Manager - Trigger Missile Actions": 0.0017525611510791324,
      "Missile Manager - Remove Invisible Projects": 0.0028029022781774562,
      "Missile Manager - Check Missile Collision": 0.12622190707434028,
      "Missile Manager - Move Missiles": 0.026184200839328542
    },
    "Slow game ticks (x3.5 average)": 104,
    "Max Update GameTick time": 9.721625
  },
  "Audio Manager": {
    "Average Update GameTick Time": 0.03762345323741006,
    "Min Update Game Tick time": 1.25E-4,
    "Amount of game ticks executed": 1668,
    "metrics": {
      "Audio Manager - Reset Clips": 0.11106443189964152,
      "Audio Manager - Update GameTick Total": 0.03762345323741006
    },
    "Slow game ticks (x3.5 average)": 113,
    "Max Update GameTick time": 1.243042
  },
  "Friendly Manager": {
    "Average Update GameTick Time": 0.16057389748201426,
    "Min Update Game Tick time": 0.007,
    "Amount of game ticks executed": 1668,
    "metrics": {
      "Friendly Manager - Activate Friendly Objects": 0.06824538729016787,
      "Friendly Manager - Check Friendly Object Collision": 0.006813810551558774,
      "Friendly Manager - Update GameTick Total": 0.16057389748201426,
      "Friendly Manager - Remove Invisible Objects": 0.0012982727817745735,
      "Friendly Manager - Spawn Finished Level Portal": 7.950545563549112E-4,
      "Friendly Manager - Move Friendly Objects": 0.07538333932853712
    },
    "Slow game ticks (x3.5 average)": 105,
    "Max Update GameTick time": 7.088625
  }
}