{
  "Enemy Manager": {
    "Average Update GameTick Time": 0.29855398336727745,
    "Min Update Game Tick time": 0.003807,
    "Amount of game ticks executed": 2946,
    "metrics": {
      "Enemy Manager - Trigger Enemy Actions": 0.03448687949762392,
      "Enemy Manager - Update Enemies": 0.24489763679565532,
      "Enemy Manager - Move Enemy": 0.005663927204881241,
      "Enemy Manager - Check Spaceship Collision": 0.012454942973523415,
      "Enemy Manager - Update Enemy Effects": 7.782897282035489E-4,
      "Enemy Manager - Update GameTick Total": 0.29855398336727745
    },
    "Slow game ticks (x3.5 average)": 187,
    "Max Update GameTick time": 7.741839
  },
  "Background Manager": {
    "Average Update GameTick Time": 0.012376634758995239,
    "Min Update Game Tick time": 0.005456,
    "Amount of game ticks executed": 2946,
    "metrics": {
      "Background Manager - Update Objects": 0.007837822393403459,
      "Background Manager - Update GameTick Total": 0.012376634758995239
    },
    "Slow game ticks (x3.5 average)": 17,
    "Max Update GameTick time": 0.094825
  },
  "Animation Manager": {
    "Average Update GameTick Time": 0.008731606245756971,
    "Min Update Game Tick time": 0.00333,
    "Amount of game ticks executed": 2946,
    "metrics": {
      "Animation Manager - Remove Invisible Animations": 0.002546743041412088,
      "Animation Manager - Recenter Animations": 0.001961648676171084,
      "Animation Manager - Update GameTick Total": 0.008731606245756971
    },
    "Slow game ticks (x3.5 average)": 47,
    "Max Update GameTick time": 0.133685
  },
  "Player Manager": {
    "Average Update GameTick Time": 0.03537921995926688,
    "Min Update Game Tick time": 0.011859,
    "Amount of game ticks executed": 2946,
    "metrics": {
      "Player Manager - Check Player Health": 0.0024304803122878523,
      "Player Manager - Update GameTick Total": 0.03537921995926688,
      "Player Manager - Update Ship Movement": 0.009101090631364557,
      "Player Manager - Update SpaceShip": 0.014852378139850644
    },
    "Slow game ticks (x3.5 average)": 2,
    "Max Update GameTick time": 1.062655
  },
  "Director Manager": {
    "Average Update GameTick Time": 0.15652346401900902,
    "Min Update Game Tick time": 2.98E-4,
    "Amount of game ticks executed": 2946,
    "metrics": {
      "Director Manager - Update Difficulty Coefficient": 0.003007377026560882,
      "Director Manager - Update Director": 0.07295545028433459,
      "Director Manager - Update GameTick Total": 0.15652346401900902,
      "Director Manager - Distribute Credits": 0.002485292859606757
    },
    "Slow game ticks (x3.5 average)": 6,
    "Max Update GameTick time": 180.38567
  },
  "Level Manager": {
    "Average Update GameTick Time": 0.29606176578411425,
    "Min Update Game Tick time": 4.66E-4,
    "Amount of game ticks executed": 2946,
    "metrics": {
      "Level Manager - Handle End Of Song Behaviour": 0.30338235691657817,
      "Level Manager - Update GameTick Total": 0.29606176578411425,
      "Level Manager - Spawn Enemy": 2.2859450128205117
    },
    "Slow game ticks (x3.5 average)": 13,
    "Max Update GameTick time": 245.44628
  },
  "GameBoard": {
    "Average Update GameTick Time": 0.0,
    "Min Update Game Tick time": 1.7976931348623157E308,
    "Amount of game ticks executed": 0,
    "metrics": {
      "Draw Objects": 0.9460651289009498
    },
    "Slow game ticks (x3.5 average)": 0,
    "Max Update GameTick time": 0.0
  },
  "Explosion Manager": {
    "Average Update GameTick Time": 0.006054811948404623,
    "Min Update Game Tick time": 0.002099,
    "Amount of game ticks executed": 2946,
    "metrics": {
      "Explosion Manager - Update Explosions": 0.003429232518669379,
      "Explosion Manager - Update GameTick Total": 0.006054811948404623
    },
    "Slow game ticks (x3.5 average)": 24,
    "Max Update GameTick time": 0.376734
  },
  "Thorns Damage Dealer": {
    "Average Update GameTick Time": 0.004894160896130336,
    "Min Update Game Tick time": 0.001587,
    "Amount of game ticks executed": 2946,
    "metrics": {
      "Thorns Damage Dealer - Update GameTick Total": 0.004894160896130336,
      "Thorns Damage Dealer - Activate Delayed Thorn Attacks": 0.0019420512559402492
    },
    "Slow game ticks (x3.5 average)": 25,
    "Max Update GameTick time": 0.25325
  },
  "Missile Manager": {
    "Average Update GameTick Time": 0.11226737236931442,
    "Min Update Game Tick time": 0.006515,
    "Amount of game ticks executed": 2946,
    "metrics": {
      "Missile Manager - Update Laserbeams": 0.0014172718940936874,
      "Missile Manager - Update GameTick Total": 0.11226737236931442,
      "Missile Manager - Trigger Missile Actions": 0.010541770875763736,
      "Missile Manager - Remove Invisible Projects": 0.0026762640868974842,
      "Missile Manager - Check Missile Collision": 0.06428666598778013,
      "Missile Manager - Move Missiles": 0.023362537678207736
    },
    "Slow game ticks (x3.5 average)": 86,
    "Max Update GameTick time": 10.552657
  },
  "Audio Manager": {
    "Average Update GameTick Time": 0.05915304887983702,
    "Min Update Game Tick time": 3.35E-4,
    "Amount of game ticks executed": 2946,
    "metrics": {
      "Audio Manager - Reset Clips": 0.17729950811359013,
      "Audio Manager - Update GameTick Total": 0.05915304887983702
    },
    "Slow game ticks (x3.5 average)": 177,
    "Max Update GameTick time": 3.798474
  },
  "Friendly Manager": {
    "Average Update GameTick Time": 0.014181601493550597,
    "Min Update Game Tick time": 0.005477,
    "Amount of game ticks executed": 2946,
    "metrics": {
      "Friendly Manager - Activate Friendly Objects": 0.0014869351663272265,
      "Friendly Manager - Check Friendly Object Collision": 0.0015018543788187404,
      "Friendly Manager - Update GameTick Total": 0.014181601493550597,
      "Friendly Manager - Remove Invisible Objects": 0.0010970539714867634,
      "Friendly Manager - Spawn Finished Level Portal": 9.10327902240326E-4,
      "Friendly Manager - Move Friendly Objects": 0.0010322722335369978
    },
    "Slow game ticks (x3.5 average)": 21,
    "Max Update GameTick time": 0.896238
  }
}