{
  "Enemy Manager": {
    "Average Update GameTick Time": 0.21090923610108253,
    "Min Update Game Tick time": 0.001242,
    "Amount of game ticks executed": 13850,
    "metrics": {
      "Enemy Manager - Trigger Enemy Actions": 0.01876334599277973,
      "Enemy Manager - Update Enemies": 0.18105555978339302,
      "Enemy Manager - Move Enemy": 0.002486662310598424,
      "Enemy Manager - Check Spaceship Collision": 0.008792586281588438,
      "Enemy Manager - Update Enemy Effects": 0.0010235632332261679,
      "Enemy Manager - Update GameTick Total": 0.21090923610108253
    },
    "Slow game ticks (x3.5 average)": 408,
    "Max Update GameTick time": 7.61625
  },
  "Background Manager": {
    "Average Update GameTick Time": 0.012155569097472972,
    "Min Update Game Tick time": 0.00453,
    "Amount of game ticks executed": 13850,
    "metrics": {
      "Background Manager - Update Objects": 0.00954469069685179,
      "Background Manager - Update GameTick Total": 0.012155569097472972
    },
    "Slow game ticks (x3.5 average)": 139,
    "Max Update GameTick time": 0.139191
  },
  "Animation Manager": {
    "Average Update GameTick Time": 0.0045778116967509,
    "Min Update Game Tick time": 0.001434,
    "Amount of game ticks executed": 13850,
    "metrics": {
      "Animation Manager - Remove Invisible Animations": 0.0010262140072202176,
      "Animation Manager - Recenter Animations": 9.328588447653467E-4,
      "Animation Manager - Update GameTick Total": 0.0045778116967509
    },
    "Slow game ticks (x3.5 average)": 153,
    "Max Update GameTick time": 0.180056
  },
  "Player Manager": {
    "Average Update GameTick Time": 0.012239199422382656,
    "Min Update Game Tick time": 0.004663,
    "Amount of game ticks executed": 13850,
    "metrics": {
      "Player Manager - Check Player Health": 5.612574729241882E-4,
      "Player Manager - Update GameTick Total": 0.012239199422382656,
      "Player Manager - Update Ship Movement": 0.0033952472924187664,
      "Player Manager - Update SpaceShip": 0.0033889932851985374
    },
    "Slow game ticks (x3.5 average)": 213,
    "Max Update GameTick time": 0.438724
  },
  "Director Manager": {
    "Average Update GameTick Time": 0.018565728736462023,
    "Min Update Game Tick time": 5.98E-4,
    "Amount of game ticks executed": 13850,
    "metrics": {
      "Director Manager - Update Difficulty Coefficient": 0.0013373544973545046,
      "Director Manager - Update Director": 0.0062219234002463325,
      "Director Manager - Update GameTick Total": 0.018565728736462023,
      "Director Manager - Distribute Credits": 9.295064869174437E-4
    },
    "Slow game ticks (x3.5 average)": 485,
    "Max Update GameTick time": 2.388089
  },
  "Level Manager": {
    "Average Update GameTick Time": 0.31296908209386387,
    "Min Update Game Tick time": 3.9E-5,
    "Amount of game ticks executed": 13850,
    "metrics": {
      "Level Manager - Handle End Of Song Behaviour": 0.3138084675296344,
      "Level Manager - Update GameTick Total": 0.31296908209386387,
      "Level Manager - Finish Level": 0.053779,
      "Level Manager - Spawn Enemy": 0.07975340296662542
    },
    "Slow game ticks (x3.5 average)": 35,
    "Max Update GameTick time": 220.464866
  },
  "GameBoard": {
    "Average Update GameTick Time": 0.0,
    "Min Update Game Tick time": 1.7976931348623157E308,
    "Amount of game ticks executed": 0,
    "metrics": {
      "Draw Objects": 1.8368523406028614
    },
    "Slow game ticks (x3.5 average)": 0,
    "Max Update GameTick time": 0.0
  },
  "Explosion Manager": {
    "Average Update GameTick Time": 0.0023517357400722138,
    "Min Update Game Tick time": 8.95E-4,
    "Amount of game ticks executed": 13850,
    "metrics": {
      "Explosion Manager - Update Explosions": 3.4634837545126373E-4,
      "Explosion Manager - Update GameTick Total": 0.0023517357400722138
    },
    "Slow game ticks (x3.5 average)": 91,
    "Max Update GameTick time": 0.109624
  },
  "Thorns Damage Dealer": {
    "Average Update GameTick Time": 0.002068683610108316,
    "Min Update Game Tick time": 7.19E-4,
    "Amount of game ticks executed": 13850,
    "metrics": {
      "Thorns Damage Dealer - Update GameTick Total": 0.002068683610108316,
      "Thorns Damage Dealer - Activate Delayed Thorn Attacks": 1.6125133574007087E-4
    },
    "Slow game ticks (x3.5 average)": 85,
    "Max Update GameTick time": 0.090301
  },
  "Missile Manager": {
    "Average Update GameTick Time": 0.1449920966787003,
    "Min Update Game Tick time": 0.003237,
    "Amount of game ticks executed": 13850,
    "metrics": {
      "Missile Manager - Update Laserbeams": 1.78271119133572E-4,
      "Missile Manager - Update GameTick Total": 0.1449920966787003,
      "Missile Manager - Trigger Missile Actions": 0.003340692563176892,
      "Missile Manager - Remove Invisible Projects": 7.143803610108338E-4,
      "Missile Manager - Check Missile Collision": 0.1157205365342962,
      "Missile Manager - Move Missiles": 0.02003744440433199
    },
    "Slow game ticks (x3.5 average)": 570,
    "Max Update GameTick time": 4.075496
  },
  "Audio Manager": {
    "Average Update GameTick Time": 0.09189577314079467,
    "Min Update Game Tick time": 3.47E-4,
    "Amount of game ticks executed": 13850,
    "metrics": {
      "Audio Manager - Reset Clips": 0.2711118964919878,
      "Audio Manager - Update GameTick Total": 0.09189577314079467
    },
    "Slow game ticks (x3.5 average)": 1063,
    "Max Update GameTick time": 15.692266
  },
  "Friendly Manager": {
    "Average Update GameTick Time": 0.005683464765342942,
    "Min Update Game Tick time": 0.002006,
    "Amount of game ticks executed": 13850,
    "metrics": {
      "Friendly Manager - Activate Friendly Objects": 2.160038989169678E-4,
      "Friendly Manager - Check Friendly Object Collision": 4.1974332129963667E-4,
      "Friendly Manager - Update GameTick Total": 0.005683464765342942,
      "Friendly Manager - Remove Invisible Objects": 1.029406498194958E-4,
      "Friendly Manager - Spawn Finished Level Portal": 9.48643321299633E-5,
      "Friendly Manager - Move Friendly Objects": 1.1041617328519824E-4
    },
    "Slow game ticks (x3.5 average)": 203,
    "Max Update GameTick time": 3.152466
  }
}